"マーケット","取引種別","価格","数量","取引手数料","ボーナス円","日時","コメント"
"xem_jpy","bid","25.76","15","0.015",,"2017-08-03 22:53:20.940984",
"xem_jpy","bid","25.7699","371","0.371",,"2017-08-03 22:53:20.940984",
"zaif_jpy","bid","0.1189","432.3","0",,"2017-08-03 22:53:46.058059",
"xem_btc","bid","0.00008025","1099","1.099",,"2017-08-04 10:14:52.288929",
"zaif_btc","bid","0.00000033","34178","0",,"2017-08-06 09:03:03.549500",
"zaif_btc","bid","0.00000034","564","0",,"2017-08-06 09:03:03.549500",
"zaif_btc","bid","0.00000034","35784","0",,"2017-08-06 09:03:03.549500",
"zaif_btc","bid","0.00000034","9918","0",,"2017-08-06 09:03:30.692924",
"zaif_btc","bid","0.00000034","1271","0",,"2017-08-06 09:04:17.568510",
"zaif_btc","bid","0.00000034","163","0",,"2017-08-06 09:05:21.397603",
"zaif_btc","bid","0.00000034","21","0",,"2017-08-06 09:07:11.781129",
"zaif_btc","bid","0.0000003","3","0",,"2017-08-06 14:21:24.810022",
"zaif_btc","bid","0.00000031","1","0",,"2017-08-06 23:09:05.800611",
"zaif_btc","bid","0.00000029","171","0",,"2017-08-11 22:04:46.707701",
"zaif_btc","bid","0.0000003","92939","0",,"2017-08-11 22:04:46.707701",
"zaif_btc","bid","0.00000032","55328","0",,"2017-08-11 22:04:46.707701",
"zaif_jpy","bid","0.1053","14.8","0",,"2017-08-13 11:53:27.181877",
"zaif_btc","bid","0.00000023","8103","0",,"2017-08-13 22:58:33.293737",
"zaif_btc","bid","0.00000051","387255","0",,"2017-08-18 11:16:04.473227",
"xem_btc","ask","0.00005805","750","0.00004354",,"2017-08-19 07:20:20.602984",
"xem_btc","ask","0.00005805","733","0.00004255",,"2017-08-19 07:20:20.602984",
"zaif_btc","bid","0.00000075","19165","0",,"2017-08-19 07:27:31.212461",
"zaif_btc","bid","0.00000075","19","0",,"2017-08-19 07:27:31.212461",
"zaif_btc","bid","0.00000083","74935","0",,"2017-08-19 07:34:45.502037",
"zaif_btc","bid","0.00000084","10320","0",,"2017-08-19 07:34:45.502037",
"zaif_btc","ask","0.0000011","909","0.000001",,"2017-08-20 13:28:08.656623",
"zaif_btc","ask","0.0000011","10000","0.000011",,"2017-08-20 13:28:08.656623",
"zaif_btc","ask","0.0000011","28550","0.0000314",,"2017-08-20 13:28:08.656623",
"zaif_btc","ask","0.0000011","26","0.00000003",,"2017-08-20 13:28:08.656623",
"pepecash_btc","bid","0.00000425","1","0.0001",,"2017-08-20 13:30:40.267232",
"zaif_btc","ask","0.0000011","20","0",,"2017-08-20 13:31:14.508055",
"zaif_btc","ask","0.0000011","10","0",,"2017-08-20 13:31:37.427770",
"zaif_btc","ask","0.0000011","141400","0",,"2017-08-20 13:31:49.822228",
"zaif_btc","ask","0.0000011","142","0",,"2017-08-20 13:31:51.639551",
"zaif_btc","ask","0.0000011","10","0",,"2017-08-20 13:31:53.604428",
"zaif_btc","ask","0.0000011","1","0",,"2017-08-20 13:31:54.409297",
"zaif_btc","ask","0.0000011","10","0",,"2017-08-20 13:32:07.954837",
"pepecash_btc","bid","0.00000425","10382","0",,"2017-08-20 13:32:21.243752",
"pepecash_btc","bid","0.00000425","2","0",,"2017-08-20 13:32:21.547440",
"pepecash_btc","bid","0.00000425","586","0.0586",,"2017-08-20 13:32:31.009406",
"pepecash_btc","bid","0.00000425","15616","1.5616",,"2017-08-20 13:32:31.009406",
"pepecash_btc","bid","0.00000425","13612","0",,"2017-08-20 13:32:41.329968",
"zaif_btc","ask","0.0000011","10","0",,"2017-08-20 13:32:50.826010",
"pepecash_btc","bid","0.00000425","6833","0",,"2017-08-20 13:34:09.809520",
"pepecash_btc","bid","0.00000425","1","0",,"2017-08-20 13:34:10.985434",
"zaif_btc","ask","0.0000011","38087","0",,"2017-08-20 13:35:55.218813",
"pepecash_btc","bid","0.00000425","5293","0.5293",,"2017-08-20 13:37:09.017698",
"pepecash_btc","bid","0.00000425","1","0.0001",,"2017-08-20 13:37:09.017698",
"pepecash_btc","bid","0.00000484","4010","0.401",,"2017-08-20 13:42:03.072482",
"zaif_btc","ask","0.0000006","327","0.0000002",,"2017-08-20 20:53:29.508240",
"zaif_btc","ask","0.0000006","255378","0.00015323",,"2017-08-20 20:53:29.508240",
"pepecash_btc","ask","0.00000322","56334","0.00001814",,"2017-08-20 20:57:32.906750",
"zaif_jpy","ask","0.3465","76711.5","0",,"2017-08-20 21:18:39.952957",
"btc_jpy","bid","447800","0.0494","0","2.2","2017-08-20 21:23:52.559685",
"btc_jpy","bid","447815","0.0099","0","0.4","2017-08-20 21:23:52.559685",
"zaif_jpy","bid","0.398","64.9","0",,"2017-08-20 21:37:51.313882",
"zaif_btc","ask","0.00000095","168758","0",,"2017-08-20 21:43:38.894404",
"zaif_btc","ask","0.00000095","10300","0",,"2017-08-20 21:49:29.513150",
"zaif_btc","bid","0.00000099","561474","0",,"2017-08-20 22:49:21.530943",
"zaif_btc","bid","0.00000099","8275","0",,"2017-08-20 22:49:51.418143",
"zaif_btc","bid","0.00000089","129","0",,"2017-08-20 23:23:16.931927",
"zaif_btc","bid","0.00000089","132074","0",,"2017-08-20 23:23:18.808356",
"zaif_btc","bid","0.00000089","776","0",,"2017-08-20 23:23:22.496227",
"zaif_btc","bid","0.00000089","42696","0",,"2017-08-20 23:27:49.541310",
"zaif_btc","bid","0.00000089","27591","0",,"2017-08-20 23:27:54.059830",
"zaif_jpy","bid","0.3955","6.6","0",,"2017-08-21 21:51:52.842267",
"zaif_jpy","ask","0.4","231906.6","0",,"2017-08-21 23:27:05.889839",
"zaif_jpy","bid","0.3699","242834.1","0",,"2017-08-21 23:42:36.013682",
"zaif_jpy","bid","0.3699","2000","0",,"2017-08-21 23:56:50.219317",
"zaif_jpy","bid","0.37","5941.4","0",,"2017-08-21 23:56:50.219317",
"zaif_jpy","bid","0.37","0.5","0",,"2017-08-21 23:58:22.915575",
"pepecash_jpy","ask","1.4999","0.4","0",,"2017-08-22 00:55:36.481116",
"pepecash_jpy","ask","1.4999","0.0493","0",,"2017-08-22 01:05:54.234724",
"zaif_jpy","ask","0.372","79189.1","0",,"2017-08-22 08:31:15.507581",
"zaif_jpy","ask","0.3805","2705.3","1.02936665",,"2017-08-22 08:32:43.938305",
"zaif_jpy","ask","0.3805","69","0",,"2017-08-22 08:32:45.579174",
"zaif_jpy","ask","0.3805","0.7","0",,"2017-08-22 08:32:45.888838",
"zaif_jpy","ask","0.3805","69","0",,"2017-08-22 08:32:53.503400",
"zaif_jpy","ask","0.3805","69","0",,"2017-08-22 08:32:55.267165",
"zaif_jpy","ask","0.3805","69","0",,"2017-08-22 08:32:59.063951",
"zaif_jpy","ask","0.3805","69","0",,"2017-08-22 08:33:04.613613",
"zaif_jpy","ask","0.3805","69","0",,"2017-08-22 08:33:07.992935",
"zaif_jpy","ask","0.3805","69","0",,"2017-08-22 08:33:44.761041",
"zaif_jpy","ask","0.3805","69","0",,"2017-08-22 08:33:50.218241",
"zaif_jpy","ask","0.3805","69","0",,"2017-08-22 08:33:53.358688",
"zaif_jpy","ask","0.3805","69","0",,"2017-08-22 08:33:55.536876",
"zaif_jpy","ask","0.3805","69","0",,"2017-08-22 08:34:01.551573",
"zaif_jpy","ask","0.3805","69","0",,"2017-08-22 08:34:07.224400",
"zaif_jpy","ask","0.3805","69","0",,"2017-08-22 08:34:09.797184",
"zaif_jpy","ask","0.3805","69","0",,"2017-08-22 08:34:12.205610",
"zaif_jpy","ask","0.3805","69","0",,"2017-08-22 08:34:18.192550",
"zaif_jpy","ask","0.3805","69","0",,"2017-08-22 08:34:21.336294",
"zaif_jpy","ask","0.3805","69","0",,"2017-08-22 08:34:23.224137",
"zaif_jpy","ask","0.3805","69","0",,"2017-08-22 08:34:28.487505",
"zaif_jpy","ask","0.3805","69","0",,"2017-08-22 08:34:33.479240",
"zaif_jpy","ask","0.3805","69","0",,"2017-08-22 08:34:38.985126",
"zaif_jpy","ask","0.3805","69","0",,"2017-08-22 08:34:41.457955",
"zaif_jpy","ask","0.3805","69","0",,"2017-08-22 08:34:44.486017",
"zaif_jpy","ask","0.3805","69","0",,"2017-08-22 08:34:49.851221",
"zaif_jpy","ask","0.3805","69","0",,"2017-08-22 08:34:50.080993",
"zaif_jpy","ask","0.3805","69","0",,"2017-08-22 08:34:56.480881",
"zaif_jpy","ask","0.3805","69","0",,"2017-08-22 08:35:02.640282",
"zaif_jpy","ask","0.3805","69","0",,"2017-08-22 08:35:06.495829",
"zaif_jpy","ask","0.3805","69","0",,"2017-08-22 08:35:08.513576",
"zaif_jpy","ask","0.3805","69","0",,"2017-08-22 08:35:12.096073",
"zaif_jpy","ask","0.3805","69","0",,"2017-08-22 08:35:14.592388",
"zaif_jpy","ask","0.3805","69","0",,"2017-08-22 08:35:21.169550",
"zaif_jpy","ask","0.3805","69","0",,"2017-08-22 08:35:26.864590",
"zaif_jpy","ask","0.3805","69","0",,"2017-08-22 08:35:34.000380",
"zaif_jpy","ask","0.3805","16500","0",,"2017-08-22 08:36:21.478248",
"zaif_jpy","ask","0.3805","69","0",,"2017-08-22 08:36:28.017838",
"zaif_jpy","ask","0.3805","69","0",,"2017-08-22 08:36:32.345140",
"zaif_jpy","ask","0.3805","69","0",,"2017-08-22 08:36:46.332170",
"zaif_jpy","ask","0.3805","69","0",,"2017-08-22 08:36:53.561267",
"zaif_jpy","ask","0.3805","69","0",,"2017-08-22 08:36:54.263507",
"zaif_jpy","ask","0.3805","69","0",,"2017-08-22 08:36:59.483964",
"zaif_jpy","ask","0.3805","69","0",,"2017-08-22 08:37:05.175149",
"zaif_jpy","ask","0.3805","69","0",,"2017-08-22 08:37:10.868932",
"zaif_jpy","ask","0.3805","69","0",,"2017-08-22 08:37:15.282196",
"zaif_jpy","ask","0.3805","69","0",,"2017-08-22 08:37:19.600313",
"zaif_jpy","ask","0.3805","69","0",,"2017-08-22 08:37:24.529545",
"zaif_jpy","ask","0.3805","69","0",,"2017-08-22 08:37:30.517955",
"zaif_jpy","ask","0.3805","69","0",,"2017-08-22 08:37:35.273106",
"zaif_jpy","ask","0.3805","69","0",,"2017-08-22 08:37:40.221197",
"zaif_jpy","ask","0.3805","69","0",,"2017-08-22 08:37:44.914565",
"zaif_jpy","ask","0.3805","69","0",,"2017-08-22 08:37:49.939606",
"zaif_jpy","ask","0.3805","69","0",,"2017-08-22 08:37:55.343914",
"zaif_jpy","ask","0.3805","69","0",,"2017-08-22 08:38:00.376712",
"zaif_jpy","ask","0.3805","69","0",,"2017-08-22 08:38:05.487204",
"zaif_jpy","ask","0.3805","69","0",,"2017-08-22 08:38:11.756841",
"zaif_jpy","ask","0.3805","69","0",,"2017-08-22 08:38:16.608093",
"zaif_jpy","ask","0.3805","69","0",,"2017-08-22 08:38:22.321893",
"zaif_jpy","ask","0.3805","69","0",,"2017-08-22 08:38:27.668526",
"zaif_jpy","ask","0.3805","69","0",,"2017-08-22 08:38:32.540096",
"zaif_jpy","ask","0.3805","69","0",,"2017-08-22 08:38:37.543917",
"zaif_jpy","ask","0.3805","69","0",,"2017-08-22 08:38:41.736938",
"zaif_jpy","ask","0.3805","69","0",,"2017-08-22 08:38:47.412886",
"zaif_jpy","ask","0.3805","69","0",,"2017-08-22 08:38:53.293784",
"zaif_jpy","ask","0.3805","69","0",,"2017-08-22 08:38:59.036717",
"zaif_jpy","ask","0.3805","69","0",,"2017-08-22 08:39:05.486382",
"zaif_jpy","ask","0.3805","69","0",,"2017-08-22 08:39:10.966871",
"zaif_jpy","ask","0.3805","22797.7","0",,"2017-08-22 08:39:11.347215",
"zaif_jpy","ask","0.3805","69","0",,"2017-08-22 08:39:16.392837",
"zaif_jpy","ask","0.3805","69","0",,"2017-08-22 08:39:21.599873",
"zaif_jpy","ask","0.3805","69","0",,"2017-08-22 08:39:27.320280",
"zaif_jpy","ask","0.3805","69","0",,"2017-08-22 08:39:32.436626",
"zaif_jpy","ask","0.3805","69","0",,"2017-08-22 08:39:37.854760",
"zaif_jpy","ask","0.3805","69","0",,"2017-08-22 08:39:43.021259",
"zaif_jpy","ask","0.3805","69","0",,"2017-08-22 08:39:47.849552",
"zaif_jpy","ask","0.3805","69","0",,"2017-08-22 08:39:52.385206",
"zaif_jpy","ask","0.3805","69","0",,"2017-08-22 08:39:57.102508",
"zaif_jpy","ask","0.3805","69","0",,"2017-08-22 08:40:02.502941",
"zaif_jpy","ask","0.3805","69","0",,"2017-08-22 08:40:07.513099",
"zaif_jpy","ask","0.3805","11000","0",,"2017-08-22 08:40:10.838680",
"zaif_jpy","ask","0.3805","69","0",,"2017-08-22 08:40:15.615535",
"zaif_jpy","ask","0.3805","69","0",,"2017-08-22 08:40:21.574840",
"zaif_jpy","ask","0.3805","69","0",,"2017-08-22 08:40:27.445905",
"zaif_jpy","ask","0.3805","69","0",,"2017-08-22 08:40:32.856145",
"zaif_jpy","ask","0.3805","69","0",,"2017-08-22 08:40:39.199316",
"zaif_jpy","ask","0.3805","69","0",,"2017-08-22 08:40:45.204676",
"zaif_jpy","ask","0.3805","69","0",,"2017-08-22 08:40:51.297867",
"zaif_jpy","ask","0.3805","69","0",,"2017-08-22 08:40:56.449006",
"zaif_jpy","ask","0.3805","69","0",,"2017-08-22 08:41:01.728433",
"zaif_jpy","ask","0.3805","67","0",,"2017-08-22 08:41:01.993483",
"zaif_jpy","ask","0.3805","69","0",,"2017-08-22 08:41:07.165129",
"zaif_jpy","ask","0.3805","69","0",,"2017-08-22 08:41:12.002059",
"zaif_jpy","ask","0.3805","69","0",,"2017-08-22 08:41:17.395126",
"zaif_jpy","ask","0.3805","69","0",,"2017-08-22 08:41:23.495213",
"zaif_jpy","ask","0.3805","69","0",,"2017-08-22 08:41:28.984546",
"zaif_jpy","ask","0.3805","69","0",,"2017-08-22 08:41:34.109049",
"zaif_jpy","ask","0.3805","69","0",,"2017-08-22 08:41:38.992246",
"zaif_jpy","ask","0.3805","11920.5","0",,"2017-08-22 08:41:39.018775",
"zaif_jpy","ask","0.3702","30000","11.106",,"2017-08-22 09:03:06.305319",
"zaif_jpy","ask","0.3701","55484.2","20.53470242",,"2017-08-22 09:03:06.305319",
"zaif_jpy","ask","0.3701","54039.4","19.99998194",,"2017-08-22 09:03:06.305319",
"zaif_jpy","ask","0.3701","103633.9","38.35490639",,"2017-08-22 09:03:06.305319",
"zaif_jpy","ask","0.37","7310","2.7047",,"2017-08-22 09:03:06.305319",
"zaif_jpy","ask","0.37","54054.1","20.000017",,"2017-08-22 09:03:06.305319",
"zaif_jpy","ask","0.37","336910.6","124.656922",,"2017-08-22 09:03:06.305319",
"zaif_jpy","bid","0.364","0.2","0",,"2017-08-22 10:20:33.930173",
"zaif_jpy","bid","0.364","144914.7","0",,"2017-08-22 10:20:50.043913",
"zaif_jpy","bid","0.364","255085.1","0",,"2017-08-22 10:21:41.789333",
"btc_jpy","bid","416690","0.001","0","0","2017-08-22 10:31:19.060003",
"btc_jpy","bid","416690","0.0234","0","0.9","2017-08-22 10:31:29.611692",
"btc_jpy","bid","416690","0.0034","0","0.1","2017-08-22 10:31:30.093003",
"btc_jpy","bid","416690","0.3276","0","13.6","2017-08-22 10:33:40.181748",
"zaif_jpy","bid","0.364","12.5","0",,"2017-08-22 10:34:30.933002",
"zaif_jpy","ask","0.368","30884","0",,"2017-08-22 12:05:20.167330",
"zaif_jpy","ask","0.368","31","0",,"2017-08-22 12:05:21.521953",
"zaif_jpy","ask","0.368","1","0",,"2017-08-22 12:05:22.602308",
"zaif_jpy","ask","0.368","10000","0",,"2017-08-22 12:05:57.092297",
"zaif_jpy","ask","0.368","359096.5","0",,"2017-08-22 12:09:47.605871",
"btc_jpy","bid","407705","0.361","0","14.7","2017-08-22 13:43:39.748179",
"xem_btc","bid","0.0000685","1000","1",,"2017-08-22 15:48:42.493408",
"xem_btc","bid","0.0000685","499","0",,"2017-08-22 15:48:45.813326",
"xem_btc","bid","0.0000685","1","0",,"2017-08-22 15:48:46.672848",
"btc_jpy","ask","450985","0.0187","0","0.8","2017-08-23 04:27:00.842216",
"btc_jpy","ask","450985","0.0461","0","2","2017-08-23 04:27:01.597074",
"btc_jpy","ask","450985","0.005","0","0.2","2017-08-23 04:27:02.007449",
"btc_jpy","ask","450985","0.0061","0","0.2","2017-08-23 04:28:39.414018",
"btc_jpy","ask","450985","0.005","0","0.2","2017-08-23 04:28:40.011941",
"btc_jpy","ask","450985","0.2146","0","9.6","2017-08-23 04:29:06.082697",
"btc_jpy","ask","450985","0.0171","0","0.7","2017-08-23 04:29:07.404067",
"btc_jpy","bid","455960","0.0001","0","0","2017-08-23 15:26:35.545446",
"btc_jpy","bid","456000","0.0006","0","0","2017-08-23 15:26:35.972183",
"btc_jpy","bid","456000","0.2776","0","12.6","2017-08-23 15:26:36.267463",
"btc_jpy","bid","456000","0.0157","0","0.7","2017-08-23 15:26:52.502043",
"btc_jpy","bid","456000","0.0152","0","0.6","2017-08-23 15:26:57.058382",
"zaif_btc","bid","0.0000009","54","0",,"2017-08-23 15:37:31.946805",
"zaif_btc","bid","0.0000009","1","0",,"2017-08-23 15:37:33.820458",
"zaif_jpy","bid","0.4133","84.9","0",,"2017-08-23 16:46:56.226174",
"xem_btc","ask","0.0000615","1499","0",,"2017-08-23 17:18:54.487101",
"zaif_btc","bid","0.000001","199200","0",,"2017-08-24 00:24:03.452778",
"zaif_btc","bid","0.000001","7617","0",,"2017-08-24 00:32:51.631219",
"zaif_btc","ask","0.00000108","206956","0",,"2017-08-24 05:48:09.000221",
"zaif_btc","bid","0.00000105","21066","0",,"2017-08-24 12:47:01.085030",
"zaif_btc","bid","0.00000105","191803","0",,"2017-08-24 12:47:01.813286",
"zaif_btc","ask","0.0000011","212869","0",,"2017-08-24 14:41:43.246306",
"zaif_btc","bid","0.00000105","223006","0",,"2017-08-24 15:38:39.132641",
"zaif_jpy","bid","0.4947","0.1","0",,"2017-08-24 17:14:45.610941",
"zaif_jpy","bid","0.4947","0.1","0",,"2017-08-24 17:17:25.055131",
"zaif_jpy","bid","0.4947","0.1","0",,"2017-08-24 17:18:00.049538",
"zaif_jpy","bid","0.4947","0.1","0",,"2017-08-24 17:22:25.398524",
"zaif_jpy","bid","0.4947","0.1","0",,"2017-08-24 17:23:17.423108",
"zaif_jpy","bid","0.4947","0.1","0",,"2017-08-24 17:25:51.983444",
"zaif_jpy","bid","0.4947","0.1","0",,"2017-08-24 17:26:27.595913",
"zaif_jpy","bid","0.4947","55.1","0",,"2017-08-24 17:28:51.326986",
"zaif_btc","ask","0.0000011","223062","0",,"2017-08-24 18:16:58.713792",
"zaif_btc","bid","0.00000109","59206","0",,"2017-08-24 22:25:36.872044",
"zaif_btc","bid","0.00000109","19980","0",,"2017-08-24 22:26:14.911233",
"zaif_btc","bid","0.00000109","33368","0",,"2017-08-24 22:27:05.793093",
"zaif_btc","ask","0.00000113","112554","0",,"2017-08-25 01:57:10.207240",
"zaif_btc","bid","0.0000012","86034","0",,"2017-08-25 07:34:56.919420",
"zaif_btc","bid","0.0000012","122068","0",,"2017-08-25 07:35:49.682436",
"zaif_btc","bid","0.0000012","122","0",,"2017-08-25 07:35:56.746669",
"zaif_btc","bid","0.0000012","1","0",,"2017-08-25 07:36:00.466281",
"zaif_jpy","ask","0.57","41224.9","23.498193",,"2017-08-25 08:31:19.736928",
"zaif_jpy","ask","0.57","62887.9","0",,"2017-08-25 08:31:53.802385",
"zaif_jpy","ask","0.5779","0.1","0",,"2017-08-25 09:28:46.258826",
"zaif_jpy","ask","0.5779","104112.8","0",,"2017-08-25 09:31:15.813615",
"zaif_jpy","bid","0.555","215293.1","0",,"2017-08-25 10:18:29.798410",
"zaif_btc","bid","0.00000113","72513","0",,"2017-08-25 12:17:19.740694",
"zaif_btc","bid","0.00000113","78855","0",,"2017-08-25 12:17:28.211173",
"zaif_btc","bid","0.00000113","1661","0",,"2017-08-25 12:17:34.317357",
"zaif_btc","bid","0.00000113","7749","0",,"2017-08-25 12:19:18.354472",
"zaif_btc","bid","0.00000113","89878","0",,"2017-08-25 12:19:47.341733",
"zaif_btc","bid","0.00000117","142076","0",,"2017-08-25 13:12:26.711029",
"zaif_btc","ask","0.00000121","122900","0",,"2017-08-25 18:59:52.052384",
"zaif_btc","ask","0.00000121","1000","0",,"2017-08-25 19:00:56.373375",
"zaif_btc","ask","0.00000121","180112","0",,"2017-08-25 19:03:58.119145",
"zaif_btc","bid","0.00000117","93323","0",,"2017-08-25 19:31:54.187801",
"zaif_btc","ask","0.00000123","119200","0",,"2017-08-25 20:21:03.913892",
"zaif_btc","ask","0.00000126","51","0",,"2017-08-25 20:41:41.774008",
"zaif_btc","ask","0.00000126","83389","0",,"2017-08-25 20:41:53.255850",
"zaif_jpy","ask","0.63","66778.5","42.070455",,"2017-08-25 20:45:38.415865",
"zaif_jpy","ask","0.63","57899.7","36.476811",,"2017-08-25 20:45:38.415865",
"zaif_jpy","ask","0.63","1000","0.63",,"2017-08-25 20:45:38.415865",
"zaif_jpy","ask","0.63","1000","0",,"2017-08-25 20:45:40.111073",
"zaif_jpy","ask","0.63","1","0",,"2017-08-25 20:45:44.383490",
"zaif_jpy","ask","0.63","68016.9","0",,"2017-08-25 20:45:48.065795",
"zaif_jpy","bid","0.6","48714.1","0",,"2017-08-25 20:53:20.782066",
"zaif_jpy","bid","0.6","2000","0",,"2017-08-25 20:53:22.194152",
"zaif_btc","bid","0.0000012","160291","0",,"2017-08-25 20:53:22.907420",
"zaif_jpy","bid","0.6","153584.8","0",,"2017-08-25 20:53:23.253719",
"zaif_btc","bid","0.0000012","25239","0",,"2017-08-25 20:55:37.192176",
"zaif_btc","ask","0.00000125","1","0.00000001",,"2017-08-25 21:09:53.028530",
"zaif_btc","ask","0.00000125","1","0.00000001",,"2017-08-25 21:11:03.401446",
"zaif_btc","ask","0.0000013","90925","0",,"2017-08-25 21:31:25.031351",
"zaif_btc","ask","0.0000013","16000","0",,"2017-08-25 22:13:54.034770",
"zaif_btc","ask","0.0000013","16","0",,"2017-08-25 22:13:56.143300",
"zaif_btc","ask","0.0000013","1","0",,"2017-08-25 22:13:57.629134",
"zaif_btc","ask","0.0000013","87971","0",,"2017-08-25 22:14:03.259575",
"zaif_btc","ask","0.00000138","97456","0.00013449",,"2017-08-25 22:59:57.278081",
"zaif_btc","ask","0.00000139","97457","0",,"2017-08-25 23:04:08.305419",
"zaif_btc","bid","0.0000014","579279","0",,"2017-08-26 00:49:31.505014",
"zaif_jpy","ask","0.6996","124.5","0",,"2017-08-26 01:50:48.050882",
"zaif_jpy","ask","0.6996","142857","0",,"2017-08-26 01:50:49.425954",
"zaif_jpy","ask","0.6996","79769","0",,"2017-08-26 01:50:52.856328",
"zaif_jpy","ask","0.6996","202830.5","0",,"2017-08-26 01:50:56.441815",
"zaif_jpy","ask","0.6996","135585.4","0",,"2017-08-26 01:51:00.710486",
"zaif_jpy","ask","0.6996","18113.5","0",,"2017-08-26 01:51:02.131296",
"zaif_jpy","bid","0.66","614036.7","0",,"2017-08-26 01:59:00.096011",
"zaif_jpy","ask","0.94","26133.2","0",,"2017-08-26 17:13:41.770301",
"zaif_jpy","ask","0.94","587903.5","0",,"2017-08-26 17:13:45.387815",
"zaif_jpy","bid","0.93","620639.2","0",,"2017-08-26 18:30:15.293693",
"zaif_jpy","ask","1.1","224505.7","0",,"2017-08-27 03:49:59.922929",
"zaif_jpy","ask","1.1","85855.9","0",,"2017-08-27 03:52:24.075553",
"zaif_jpy","ask","1.1","310277.6","0",,"2017-08-27 03:52:32.096137",
"zaif_jpy","bid","1.9","14835","0",,"2017-08-27 05:46:08.589013",
"zaif_jpy","bid","1.9","164823.8","0",,"2017-08-27 05:46:32.282015",
"zaif_jpy","bid","1.8","189639.7","0",,"2017-08-27 05:49:05.268928",
"zaif_btc","ask","0.00000288","100000","0",,"2017-08-27 22:54:46.125027",
"zaif_btc","ask","0.00000288","20000","0",,"2017-08-27 22:54:47.371478",
"zaif_btc","ask","0.00000288","200000","0",,"2017-08-27 22:54:58.458943",
"zaif_btc","ask","0.00000288","30924","0",,"2017-08-27 22:55:10.193184",
"zaif_btc","ask","0.00000288","18374","0",,"2017-08-27 22:55:13.711197",
"zaif_btc","bid","0.00000152","699722","0",,"2017-08-27 23:07:13.001738",
"zaif_btc","ask","0.00000202","83915","0",,"2017-08-29 09:32:55.955294",
"zaif_btc","ask","0.00000202","104286","0",,"2017-08-29 09:34:07.989960",
"zaif_btc","ask","0.00000202","336486","0",,"2017-08-29 09:58:43.693502",
"zaif_btc","ask","0.00000202","88605","0",,"2017-08-29 09:58:45.642663",
"zaif_btc","ask","0.00000202","148","0",,"2017-08-29 09:58:47.381493",
"zaif_btc","ask","0.00000202","89","0",,"2017-08-29 09:58:48.703205",
"zaif_btc","ask","0.00000202","5000","0",,"2017-08-29 09:58:50.019376",
"zaif_btc","ask","0.00000202","2000","0",,"2017-08-29 09:58:50.675301",
"zaif_btc","ask","0.00000202","79193","0",,"2017-08-29 09:58:56.793688",
"xem_btc","bid","0.0000645","2030","0",,"2017-08-29 11:53:01.750920",
"xem_btc","bid","0.0000645","4500","0",,"2017-08-29 11:53:25.619516",
"xem_btc","bid","0.0000645","53","0",,"2017-08-29 11:53:41.612392",
"xem_btc","bid","0.0000645","17","0",,"2017-08-29 11:54:03.126430",
"zaif_btc","bid","0.000004","246934","0",,"2017-08-29 11:56:43.559177",
"zaif_btc","bid","0.00000285","1","0",,"2017-08-30 00:20:27.826376",
"zaif_btc","ask","0.00000291","20003","0",,"2017-08-30 13:13:35.625560",
"zaif_btc","ask","0.00000291","47866","0",,"2017-08-30 13:13:50.364510",
"zaif_btc","ask","0.00000291","179066","0",,"2017-08-30 13:14:04.538180",
"zaif_btc","bid","0.00000297","70000","0",,"2017-08-30 20:26:33.369709",
"zaif_btc","bid","0.00000297","20000","0",,"2017-08-30 20:26:33.417756",
"zaif_btc","bid","0.00000297","151946","0",,"2017-08-30 20:26:42.831934",
"xem_btc","ask","0.000068","6600","0",,"2017-08-31 12:23:15.692095",
"zaif_btc","bid","0.0000025","1","0",,"2017-08-31 13:59:16.033688",
"zaif_btc","bid","0.0000025","50000","0",,"2017-08-31 13:59:16.033688",
"zaif_btc","bid","0.0000025","64530","0",,"2017-08-31 13:59:16.033688",
"zaif_btc","bid","0.0000025","64989","0",,"2017-08-31 13:59:22.872195",
"zaif_jpy","ask","1.4045","0.1","0",,"2017-09-05 06:27:15.212952",
"zaif_jpy","ask","1.4045","0.1","0",,"2017-09-05 06:27:21.437571",
"zaif_jpy","ask","1.4045","0.1","0",,"2017-09-05 06:27:29.168707",
"zaif_jpy","ask","1.4045","210732.9","0",,"2017-09-05 06:27:59.203621",
"zaif_jpy","bid","1.3799","41586.5","0",,"2017-09-05 07:01:50.372731",
"zaif_jpy","bid","1.38","94063.4","0",,"2017-09-05 07:01:50.372731",
"zaif_jpy","bid","1.38","78824.5","0",,"2017-09-05 07:01:50.372731",
"zaif_jpy","bid","1.3798","3","0",,"2017-09-05 07:02:42.874798",
"zaif_jpy","ask","1.31","100145","0",,"2017-09-07 09:15:01.943799",
"zaif_jpy","ask","1.31","112460.3","0",,"2017-09-07 09:15:02.852184",
"zaif_jpy","ask","1.3305","63781.6","0",,"2017-09-07 12:23:34.980564",
"zaif_jpy","ask","1.34","44647.1","0",,"2017-09-07 12:31:08.307410",
"zaif_jpy","ask","1.345","7818.6","0",,"2017-09-07 14:07:32.503986",
"zaif_jpy","ask","1.345","10465.9","0",,"2017-09-07 14:09:55.793626",
"zaif_jpy","ask","1.345","0.1","0",,"2017-09-07 14:10:28.548815",
"zaif_jpy","ask","1.345","0.1","0",,"2017-09-07 14:11:28.512148",
"zaif_jpy","ask","1.345","12968.3","0",,"2017-09-07 14:12:25.934866",
"zaif_jpy","bid","1.3","594.5","0",,"2017-09-07 16:25:25.977437",
"zaif_jpy","bid","1.3","146826.3","0",,"2017-09-07 16:25:26.749933",
"zaif_jpy","bid","1.3","0.1","0",,"2017-09-07 16:25:27.600355",
"zaif_jpy","bid","1.3","91945","0",,"2017-09-07 16:25:37.959186",
"zaif_jpy","bid","1.3","0.1","0",,"2017-09-07 16:25:38.029151",
"zaif_jpy","bid","1.3","29800.1","0",,"2017-09-07 16:26:12.224672",
"zaif_jpy","bid","1.3","0.1","0",,"2017-09-07 16:26:17.351012",
"zaif_jpy","bid","1.3","4035.3","0",,"2017-09-07 16:26:28.956065",
"zaif_jpy","bid","1.3","0.1","0",,"2017-09-07 16:26:33.781715",
"zaif_jpy","bid","1.3","74198.9","0",,"2017-09-07 16:26:43.894897",
"zaif_jpy","bid","1.3","5612","0",,"2017-09-07 16:27:11.439278",
"zaif_jpy","bid","1.3","10","0",,"2017-09-07 16:27:11.925823",
"zaif_jpy","bid","1.3","399.9","0",,"2017-09-07 16:27:23.568638",
"zaif_jpy","bid","1.3","0.1","0",,"2017-09-07 16:27:31.086099",
"zaif_jpy","bid","1.3","0.1","0",,"2017-09-07 16:28:17.724250",
"zaif_jpy","bid","1.3","4451.9","0",,"2017-09-07 16:41:20.316559",
"zaif_jpy","ask","0.9199","46389.7","0",,"2017-09-10 18:04:36.803919",
"zaif_jpy","ask","0.9199","1","0",,"2017-09-10 18:04:47.309287",
"zaif_jpy","ask","0.9199","1","0",,"2017-09-10 18:04:53.261036",
"zaif_jpy","ask","0.9199","25000","0",,"2017-09-10 18:04:56.610692",
"zaif_jpy","ask","0.9199","1","0",,"2017-09-10 18:04:57.772244",
"zaif_jpy","bid","0.8899","35421","0",,"2017-09-10 18:29:16.663613",
"zaif_jpy","bid","0.9039","37784","0",,"2017-09-10 18:32:05.148139",
"zaif_jpy","ask","0.87","98906.7","0",,"2017-09-10 21:16:03.549086",
"zaif_jpy","ask","0.87","97250.5","0",,"2017-09-10 21:16:03.894595",
"zaif_jpy","ask","0.87","164381.2","0",,"2017-09-10 21:16:12.020120",
"zaif_jpy","ask","0.87","1","0",,"2017-09-10 21:16:16.789069",
"zaif_jpy","ask","0.87","71770.7","0",,"2017-09-10 21:16:20.164459",
"zaif_jpy","ask","0.87","300.4","0",,"2017-09-10 21:16:46.698391",
"zaif_jpy","bid","0.86","437640.9","0",,"2017-09-10 21:23:11.582162",
"zaif_jpy","ask","0.999","67361.9","0",,"2017-09-11 10:56:01.399363",
"zaif_jpy","ask","0.999","11688.4","0",,"2017-09-11 10:56:04.962843",
"zaif_jpy","ask","0.999","358590.6","0",,"2017-09-11 10:56:06.857926",
"zaif_jpy","bid","0.99","441619.4","0",,"2017-09-11 11:21:10.354289",
"zaif_jpy","ask","0.8701","100","0",,"2017-09-12 10:34:41.288547",
"zaif_jpy","ask","0.8701","436714","0",,"2017-09-12 10:34:46.602807",
"zaif_jpy","ask","0.873","4805.4","0",,"2017-09-12 10:35:52.708994",
"zaif_jpy","bid","0.889","30402.5","0",,"2017-09-12 11:17:10.683191",
"zaif_jpy","bid","0.889","5039.2","0",,"2017-09-12 11:17:31.657410",
"zaif_jpy","bid","0.889","357283.8","0",,"2017-09-12 11:20:56.467532",
"zaif_jpy","bid","0.889","39520","0",,"2017-09-12 11:22:55.806476",
"zaif_jpy","bid","0.889","0.9","0",,"2017-09-12 11:27:06.791610",
"zaif_jpy","ask","0.8","10526.5","0",,"2017-09-13 16:43:25.823568",
"zaif_jpy","ask","0.8","60809.1","0",,"2017-09-13 16:43:26.329672",
"zaif_jpy","ask","0.8","45449.6","0",,"2017-09-13 16:43:29.007069",
"zaif_jpy","ask","0.8","170696.6","0",,"2017-09-13 16:43:29.412952",
"zaif_jpy","ask","0.8","0.1","0",,"2017-09-13 16:43:31.001300",
"zaif_jpy","ask","0.8","38959.1","0",,"2017-09-13 16:43:35.092513",
"zaif_jpy","ask","0.8","105805.4","0",,"2017-09-13 16:43:36.642982",
"zaif_jpy","bid","0.795","1347.3","0",,"2017-09-13 16:57:25.358409",
"zaif_jpy","bid","0.795","420259.2","0",,"2017-09-13 16:57:44.629628",
"zaif_jpy","bid","0.795","13358.4","0",,"2017-09-13 16:58:39.850780",
"zaif_jpy","ask","0.63","434964.9","0",,"2017-09-14 21:33:59.786780",
"zaif_jpy","bid","0.6","456713.2","0",,"2017-09-14 21:38:02.519061",
"zaif_jpy","ask","0.528","456713.2","0",,"2017-09-14 23:24:09.717527",
"zaif_jpy","bid","0.52","463739.5","0",,"2017-09-15 02:48:35.829075",
"zaif_jpy","ask","0.49","248833.4","0",,"2017-09-15 08:12:08.166677",
"zaif_jpy","ask","0.49","89.5","0",,"2017-09-15 08:12:44.356419",
"zaif_jpy","ask","0.49","95805.9","0",,"2017-09-15 08:12:48.209471",
"zaif_jpy","ask","0.49","119010.7","0",,"2017-09-15 08:12:51.812068",
"zaif_jpy","bid","0.4007","239595.8","0",,"2017-09-15 08:45:59.694898",
"zaif_jpy","bid","0.4009","327329.4","0",,"2017-09-15 08:56:45.041302",
"zaif_jpy","ask","0.47","36927","0",,"2017-09-15 09:24:45.626155",
"zaif_jpy","ask","0.47","202668.8","0",,"2017-09-15 09:24:58.467605",
"zaif_jpy","ask","0.47","139844.1","0",,"2017-09-15 09:24:58.467605",
"zaif_jpy","ask","0.47","130000","0",,"2017-09-15 09:25:12.541469",
"zaif_jpy","ask","0.47","1000","0",,"2017-09-15 09:25:51.742728",
"zaif_jpy","ask","0.47","37177.6","0",,"2017-09-15 09:25:52.576679",
"zaif_jpy","ask","0.47","19307.7","0",,"2017-09-15 09:25:58.959230",
"zaif_jpy","bid","0.52","512413.1","0",,"2017-09-15 21:53:35.030925",
"zaif_jpy","ask","0.73","12602.8","0",,"2017-09-16 20:59:40.707698",
"zaif_jpy","ask","0.73","456000","0",,"2017-09-16 20:59:53.434313",
"zaif_jpy","ask","0.73","19867.3","0",,"2017-09-16 20:59:53.512092",
"zaif_jpy","ask","0.73","733.9","0",,"2017-09-16 20:59:54.108612",
"zaif_jpy","ask","0.73","23209.1","0",,"2017-09-16 20:59:56.956517",
"zaif_jpy","bid","0.71","12602.8","0",,"2017-09-16 21:02:38.327760",
"zaif_jpy","bid","0.71","456000","0",,"2017-09-16 21:02:38.327760",
"zaif_jpy","bid","0.71","19867.3","0",,"2017-09-16 21:02:38.327760",
"zaif_jpy","bid","0.71","733.9","0",,"2017-09-16 21:02:38.327760",
"zaif_jpy","bid","0.71","23209.1","0",,"2017-09-16 21:02:38.327760",
"zaif_jpy","bid","0.68","15071","0",,"2017-09-16 21:19:48.438739",
"zaif_jpy","ask","0.685","777.7","0",,"2017-09-16 21:24:30.785151",
"zaif_jpy","ask","0.685","20745.6","0",,"2017-09-16 21:24:42.984596",
"zaif_jpy","ask","0.685","134194.6","0",,"2017-09-16 21:24:50.640689",
"zaif_jpy","ask","0.685","371766.2","0",,"2017-09-16 21:25:22.449513",
"zaif_jpy","bid","0.6787","296.9","0",,"2017-09-16 21:29:17.757349",
"zaif_jpy","bid","0.68","104700","0",,"2017-09-16 21:29:21.365495",
"zaif_jpy","bid","0.68","100000","0",,"2017-09-16 21:29:22.330401",
"zaif_jpy","bid","0.68","12797.3","0",,"2017-09-16 21:29:27.768137",
"zaif_jpy","bid","0.68","18314","0",,"2017-09-16 21:29:35.435149",
"zaif_jpy","bid","0.68","189110.6","0",,"2017-09-16 21:29:37.873707",
"zaif_jpy","bid","0.68","106143.8","0",,"2017-09-16 21:29:38.727789",
"zaif_jpy","ask","0.69","114023.7","0",,"2017-09-16 21:41:33.736822",
"zaif_jpy","ask","0.69","20797.5","0",,"2017-09-16 21:41:48.943204",
"zaif_jpy","ask","0.69","298482","0",,"2017-09-16 21:42:03.036252",
"zaif_jpy","ask","0.69","29560.9","0",,"2017-09-16 21:42:05.596283",
"zaif_jpy","ask","0.69","68498.5","0",,"2017-09-16 21:42:06.103406",
"zaif_jpy","bid","0.6771","541486.6","0",,"2017-09-16 21:48:03.691850",
"zaif_jpy","ask","0.65","541486.6","0",,"2017-09-16 22:15:40.994596",
"zaif_jpy","bid","0.7","129629.7","0",,"2017-09-16 22:48:16.176477",
"zaif_jpy","bid","0.7","50000","0",,"2017-09-16 22:48:17.997581",
"zaif_jpy","bid","0.7","217221.4","0",,"2017-09-16 22:48:18.873449",
"zaif_jpy","bid","0.7","105957.9","0",,"2017-09-16 22:48:19.949167",
"zaif_jpy","ask","0.695","341663.1","0",,"2017-09-17 00:51:45.369797",
"zaif_jpy","ask","0.695","20846.7","0",,"2017-09-17 00:51:53.864509",
"zaif_jpy","ask","0.695","8497.2","0",,"2017-09-17 00:52:01.160701",
"zaif_jpy","ask","0.695","10","0",,"2017-09-17 00:52:03.592489",
"zaif_jpy","bid","0.689","270617.6","0",,"2017-09-17 00:58:09.702937",
"zaif_jpy","ask","0.695","131792","0",,"2017-09-17 00:59:19.577776",
"zaif_jpy","bid","0.6902","236158.7","0",,"2017-09-17 01:12:58.852654",
"zaif_jpy","ask","0.7001","8916.8","0",,"2017-09-17 01:26:10.240514",
"zaif_jpy","ask","0.7001","333.3","0",,"2017-09-17 01:26:11.426576",
"zaif_jpy","ask","0.7001","444.4","0",,"2017-09-17 01:26:21.960225",
"zaif_jpy","ask","0.7001","555.5","0",,"2017-09-17 01:26:28.915900",
"zaif_jpy","ask","0.7001","0.1","0",,"2017-09-17 01:26:29.238663",
"zaif_jpy","bid","0.695","8916.8","0",,"2017-09-17 01:29:08.921464",
"zaif_jpy","bid","0.695","333.3","0",,"2017-09-17 01:29:08.921464",
"zaif_jpy","bid","0.695","444.4","0",,"2017-09-17 01:29:08.921464",
"zaif_jpy","bid","0.695","555.5","0",,"2017-09-17 01:29:08.921464",
"zaif_jpy","bid","0.695","0.1","0",,"2017-09-17 01:29:08.921464",
"zaif_jpy","bid","0.6938","75.4","0",,"2017-09-17 01:31:36.495165",
"zaif_jpy","ask","0.7","144846.7","101.39269",,"2017-09-17 01:32:15.807131",
"zaif_jpy","ask","0.7","0.1","0",,"2017-09-17 01:32:29.195735",
"zaif_jpy","bid","0.695","144846.7","0",,"2017-09-17 01:32:41.842502",
"zaif_jpy","bid","0.695","0.1","0",,"2017-09-17 01:32:41.842502",
"zaif_jpy","ask","0.7","91375.3","0",,"2017-09-17 01:35:40.773203",
"zaif_jpy","ask","0.7","1","0",,"2017-09-17 01:35:56.687385",
"zaif_jpy","ask","0.7","7791","0",,"2017-09-17 01:36:02.034495",
"zaif_jpy","ask","0.7","20913.7","0",,"2017-09-17 01:36:04.835587",
"zaif_jpy","ask","0.7","600","0",,"2017-09-17 01:36:14.632588",
"zaif_jpy","ask","0.7","3823.7","0",,"2017-09-17 01:36:17.339212",
"zaif_jpy","ask","0.7","96153","0",,"2017-09-17 01:36:19.347852",
"zaif_jpy","ask","0.7","11","0",,"2017-09-17 01:36:26.078749",
"zaif_jpy","ask","0.7","0.1","0",,"2017-09-17 01:36:28.975667",
"zaif_jpy","ask","0.7","222","0",,"2017-09-17 01:36:35.134294",
"zaif_jpy","ask","0.7","180","0",,"2017-09-17 01:36:42.081007",
"zaif_jpy","ask","0.7","1","0",,"2017-09-17 01:36:43.651266",
"zaif_jpy","ask","0.7","34234.1","0",,"2017-09-17 01:37:22.521398",
"zaif_jpy","ask","0.7","0.1","0",,"2017-09-17 01:37:28.536234",
"zaif_jpy","ask","0.7","251545.7","0",,"2017-09-17 01:46:20.210916",
"zaif_jpy","bid","0.6951","258001.8","0",,"2017-09-17 02:16:57.350939",
"zaif_jpy","bid","0.6951","130350.8","0",,"2017-09-17 02:16:57.350939",
"zaif_jpy","bid","0.6951","8327.8","0",,"2017-09-17 02:17:09.411515",
"zaif_jpy","bid","0.6951","35562.6","0",,"2017-09-17 02:17:10.179729",
"zaif_jpy","ask","0.71","413613.4","0",,"2017-09-17 02:58:32.240361",
"zaif_jpy","ask","0.71","18629.6","0",,"2017-09-17 02:58:49.463899",
"zaif_jpy","bid","0.74","21254.3","0",,"2017-09-17 03:26:39.599726",
"zaif_jpy","bid","0.74","189798.7","0",,"2017-09-17 03:26:47.738503",
"zaif_jpy","bid","0.74","7965.6","0",,"2017-09-17 03:26:50.718182",
"zaif_jpy","bid","0.74","88094.5","0",,"2017-09-17 03:26:58.574321",
"zaif_jpy","bid","0.74","61665.1","0",,"2017-09-17 03:27:24.785322",
"zaif_jpy","bid","0.74","120221","0",,"2017-09-17 03:28:14.353902",
"zaif_jpy","ask","0.725","76722.3","55.6236675",,"2017-09-17 09:18:56.799132",
"zaif_jpy","ask","0.725","64417.4","0",,"2017-09-17 09:19:05.300429",
"zaif_jpy","ask","0.725","1500","0",,"2017-09-17 09:19:12.553667",
"zaif_jpy","ask","0.725","0.1","0",,"2017-09-17 09:19:29.167555",
"zaif_jpy","ask","0.725","7780.5","0",,"2017-09-17 09:19:42.253726",
"zaif_jpy","ask","0.725","52187.6","0",,"2017-09-17 09:22:38.162120",
"zaif_jpy","ask","0.725","30053.3","0",,"2017-09-17 09:23:45.610108",
"zaif_jpy","ask","0.725","256338","0",,"2017-09-17 09:23:47.139275",
"zaif_jpy","bid","0.7205","429520.1","0",,"2017-09-17 09:31:26.416769",
"zaif_jpy","bid","0.7205","16537.7","0",,"2017-09-17 09:31:38.931521",
"zaif_jpy","bid","0.7205","45918.3","0",,"2017-09-17 09:31:45.458022",
"zaif_jpy","ask","0.707","8666.5","0",,"2017-09-17 21:10:12.618283",
"zaif_jpy","ask","0.707","0.1","0",,"2017-09-17 21:10:29.354679",
"zaif_jpy","ask","0.707","483309.5","0",,"2017-09-17 21:11:00.750485",
"zaif_jpy","bid","0.8","176159","0",,"2017-09-18 03:07:49.145433",
"zaif_jpy","bid","0.8","258624.9","0",,"2017-09-18 03:07:53.506889",
"zaif_jpy","ask","0.858","217391.9","0",,"2017-09-18 14:51:12.905818",
"zaif_jpy","bid","0.852","13177.9","0",,"2017-09-18 14:53:38.143539",
"zaif_jpy","bid","0.852","205744.9","0",,"2017-09-18 14:54:12.441086",
"zaif_jpy","ask","0.89","777.7","0",,"2017-09-21 20:48:20.749697",
"zaif_jpy","ask","0.89","20627.8","0",,"2017-09-21 20:48:21.057723",
"zaif_jpy","ask","0.89","777.7","0",,"2017-09-21 20:48:25.219027",
"zaif_jpy","ask","0.89","108711.2","0",,"2017-09-21 20:48:26.970079",
"zaif_jpy","bid","0.9","129440.1","0",,"2017-09-21 21:02:44.398081",
"zaif_jpy","ask","0.926","49","0.045374",,"2017-09-25 19:07:09.734745",
"cicc_jpy","bid","9","5.037","0",,"2017-09-25 19:07:29.732860",
"zaif_jpy","ask","0.9315","26","0.024219",,"2017-09-25 19:11:57.282303",
"zaif_jpy","ask","0.9325","0.5","0.00046625",,"2017-09-25 19:12:48.048732",
"xem_jpy","bid","24.63","1","0.001",,"2017-09-25 19:13:05.045292",
"zaif_jpy","ask","0.9325","0.1","0.00009325",,"2017-09-25 19:15:07.151905",
"zaif_jpy","ask","0.9325","7","0.0065275",,"2017-09-25 19:15:07.151905",
"zaif_jpy","ask","0.9325","4.9","0.00456925",,"2017-09-25 19:15:07.151905",
"pepecash_jpy","bid","1.135","9.8763","0.00098763",,"2017-09-25 19:15:29.161542",
"pepecash_jpy","ask","1.3","9.8753","0",,"2017-09-28 21:22:16.472793",
"zaif_jpy","bid","0.92","13.9","0",,"2017-09-29 12:36:38.438334",
"zaif_jpy","ask","0.4001","434786.9","173.95823869",,"2017-10-02 10:32:04.666588",
"zaif_jpy","bid","0.75","93017.1","0",,"2017-10-02 10:42:33.889345",
"zaif_jpy","bid","0.75","20000","0",,"2017-10-02 10:42:35.794190",
"zaif_jpy","bid","0.75","10345.9","0",,"2017-10-02 10:42:38.108349",
"zaif_jpy","bid","0.75","157.8","0",,"2017-10-02 10:42:40.716825",
"zaif_jpy","bid","0.75","50000","0",,"2017-10-02 10:42:41.346106",
"zaif_jpy","bid","0.75","58160.7","0",,"2017-10-02 10:42:42.797739",
"zaif_jpy","ask","0.8","231681.5","0",,"2017-10-02 11:20:20.736920",
"zaif_jpy","bid","0.8","231710.5","0",,"2017-10-02 11:32:30.601196",
"zaif_jpy","ask","0.899","80275.4","0",,"2017-10-02 13:46:01.430166",
"zaif_jpy","ask","0.899","10000","0",,"2017-10-02 13:46:02.462821",
"zaif_jpy","ask","0.899","169.9","0",,"2017-10-02 13:46:04.681470",
"zaif_jpy","bid","0.86","47273.4","0",,"2017-10-02 13:52:40.180414",
"zaif_jpy","bid","0.85","47829.6","0",,"2017-10-02 13:52:55.492306",
"zaif_jpy","ask","0.839","145810.5","122.3350095",,"2017-10-02 14:23:53.997636",
"zaif_jpy","ask","0.839","90557.7","0",,"2017-10-02 14:23:56.285671",
"zaif_jpy","bid","0.805","246199.5","0",,"2017-10-02 14:49:05.196071",
"zaif_jpy","ask","0.822","244260.2","0",,"2017-10-02 14:59:03.046280",
"zaif_jpy","ask","0.822","1939.3","0",,"2017-10-02 14:59:22.427057",
"zaif_jpy","bid","0.8","252970","0",,"2017-10-02 15:32:01.603177",
"zaif_jpy","ask","0.84","252970","0",,"2017-10-02 15:37:55.579150",
"eth_jpy","bid","34610","2","0",,"2017-10-02 17:02:12.627516",
"eth_jpy","bid","34975","0.01","0.00001",,"2017-10-02 17:07:32.701431",
"eth_jpy","bid","34975","0.01","0.00001",,"2017-10-02 17:07:53.873588",
"zaif_jpy","bid","0.766","2905.1","0",,"2017-10-02 19:07:14.124787",
"zaif_jpy","ask","0.77","667.2","0",,"2017-10-02 20:04:42.849337",
"zaif_jpy","ask","0.77","2237.9","0",,"2017-10-02 20:04:47.753764",
"eth_jpy","ask","35005","0.0099","0.3465495",,"2017-10-02 20:07:03.669821",
"mona_jpy","bid","57.1","45","0","0.2","2017-10-02 20:07:47.952023",
"zaif_jpy","bid","0.8101","16.8","0",,"2017-10-03 06:01:39.366958",
"mona_btc","ask","0.00010957","1","0","0","2017-10-03 06:28:01.802391",
"mona_btc","ask","0.00010957","44","0","0.2","2017-10-03 06:28:14.164558",
"xem_btc","ask","0.00005282","1","0.00000005",,"2017-10-03 06:28:33.117575",
"zaif_btc","ask","0.0000016","16","0.00000003",,"2017-10-03 06:29:11.642388",
"cicc_btc","ask","0.00001101","5","0.00000006",,"2017-10-03 06:29:50.647595",
"xem_jpy","bid","23.8502","400","0",,"2017-10-12 09:17:37.030875",
"mona_jpy","bid","250","40","0","1","2017-10-12 21:55:06.911139",
"mona_jpy","ask","251","40","0","1","2017-10-12 22:03:17.032138",
"zaif_jpy","ask","0.495","0.8","0.000396",,"2017-10-12 22:04:35.187865",
"xem_jpy","bid","23.2","400","0",,"2017-10-12 22:47:58.642859",
"xem_jpy","ask","23.15","0.5","0.011575",,"2017-10-13 07:04:22.649879",
"btc_jpy","bid","599000","0.05","0","2.9","2017-10-13 08:11:18.901611",
"mona_jpy","bid","412","3","0","0.1","2017-10-13 16:44:24.061769",
"pepecash_jpy","bid","6","7.8525","0.00078525",,"2017-10-13 23:32:56.660801",
"pepecash_jpy","ask","5.9","7.8517","0.0046325",,"2017-10-13 23:39:20.347357",
"zaif_jpy","bid","0.5629","81.9","0",,"2017-10-13 23:40:04.449754",
"zaif_btc","bid","0.00000091","72","0",,"2017-10-13 23:45:34.522911",
"eth_btc","bid","0.0618","0.9611","0",,"2017-10-16 12:42:14.092901",
"eth_btc","ask","0.0581","0.5","0",,"2017-10-17 22:11:23.764392",
"eth_btc","bid","0.0563","0.1","0",,"2017-10-18 08:07:51.830220",
"eth_btc","bid","0.0563","0.1","0",,"2017-10-18 08:08:27.730751",
"eth_btc","bid","0.0563","0.1","0",,"2017-10-18 08:10:02.498370",
"eth_btc","bid","0.0563","0.1","0",,"2017-10-18 08:12:06.041088",
"eth_btc","bid","0.0563","0.116","0",,"2017-10-18 08:15:10.608297",
"zaif_jpy","bid","0.5396","5.9","0",,"2017-10-18 08:35:36.786265",
"eth_jpy","bid","33985","0.049","0.000049",,"2017-10-18 21:23:44.997720",
"eth_jpy","bid","33900","1.0078","0",,"2017-10-18 21:28:04.801775",
"eth_jpy","bid","33650","0.2","0",,"2017-10-18 22:23:07.539004",
"zaif_btc","bid","0.00000087","3","0",,"2017-10-18 22:27:52.435776",
"eth_jpy","bid","33620","0.1","0",,"2017-10-18 22:36:47.728351",
"mona_jpy","bid","280","27","0","0.7","2017-10-19 01:46:23.912089",
"mona_jpy","ask","313.1","1","0","0","2017-10-19 08:26:18.468366",
"mona_jpy","ask","313.1","1","0","0","2017-10-19 08:26:19.030517",
"mona_jpy","ask","313.1","1","0","0","2017-10-19 08:26:33.194769",
"mona_jpy","ask","313.1","27","0","0.8","2017-10-19 08:26:40.009046",
"xem_jpy","bid","25.8987","372","0.372",,"2017-10-19 19:40:17.846006",
"xem_jpy","bid","25.88","500","0.5",,"2017-10-19 19:41:51.257417",
"xem_jpy","bid","25.8888","128","0.128",,"2017-10-19 19:41:51.257417",
"zaif_jpy","ask","0.5165","162.8","0.0840862",,"2017-10-19 19:42:14.157700",
"cicc_jpy","ask","12.84","0.037","0.00047508",,"2017-10-19 19:43:27.735023",
"xem_jpy","bid","25.89","4","0.004",,"2017-10-19 19:44:15.993513",
"xem_jpy","bid","25.81","0.1","0.0001",,"2017-10-19 20:05:52.533977",
"pepecash_jpy","bid","2.5989","0.6","0.00006",,"2017-10-19 20:18:33.534140",
"pepecash_jpy","bid","2.5989","0.01","0.000001",,"2017-10-19 20:19:16.777436",
"zaif_jpy","bid","0.6","2.5","0",,"2017-10-20 23:21:17.678111",
"zaif_jpy","bid","0.525","19047.6","0",,"2017-10-21 12:54:48.084862",
"zaif_jpy","ask","0.528","5","0.00264",,"2017-10-21 13:01:29.441282",
"zaif_jpy","ask","0.528","7.7","0",,"2017-10-21 13:01:31.159210",
"zaif_jpy","ask","0.528","2.2","0",,"2017-10-21 13:01:31.258626",
"zaif_jpy","ask","0.528","605","0",,"2017-10-21 13:01:32.373236",
"zaif_jpy","ask","0.528","13.2","0",,"2017-10-21 13:01:34.707798",
"zaif_jpy","ask","0.528","13.6","0",,"2017-10-21 13:01:37.036394",
"zaif_jpy","ask","0.528","11.4","0",,"2017-10-21 13:01:39.011636",
"zaif_jpy","ask","0.528","13","0",,"2017-10-21 13:01:40.144685",
"zaif_jpy","ask","0.528","7.6","0",,"2017-10-21 13:01:43.489685",
"zaif_jpy","ask","0.528","8.2","0",,"2017-10-21 13:01:44.175609",
"zaif_jpy","ask","0.528","6","0",,"2017-10-21 13:01:47.740114",
"zaif_jpy","ask","0.528","5.3","0",,"2017-10-21 13:01:48.269838",
"zaif_jpy","ask","0.526","18351.9","9.6530994",,"2017-10-21 13:03:56.356960",
"pepecash_jpy","ask","2.8001","0.6099","0.00017078",,"2017-10-21 13:19:52.969708",
"zaif_jpy","bid","0.522","19183.5","0",,"2017-10-21 20:26:18.419682",
"zaif_jpy","ask","0.507","19183.5","9.7260345",,"2017-10-24 04:42:28.580264",
"xem_jpy","ask","23.5","500","0",,"2017-10-24 11:05:14.592509",
"eth_jpy","bid","33600","0.1","0",,"2017-10-25 10:13:33.864350",
"eth_jpy","bid","33300","0.1","0",,"2017-10-25 10:30:58.024540",
"eth_jpy","bid","33000","0.1","0",,"2017-10-25 11:35:00.499210",
"eth_jpy","bid","33395","0.1","0.0001",,"2017-10-25 22:26:12.472637",
"eth_jpy","bid","33395","0.02","0.00002",,"2017-10-25 22:34:29.687135",
"bch_jpy","bid","37300","0.2","0",,"2017-10-25 22:51:38.710024",
"bch_jpy","ask","57500","0.2","0",,"2017-10-29 17:14:54.235600",
"bch_jpy","bid","57500","0.1063","0",,"2017-10-29 17:40:11.593380",
"bch_jpy","bid","57500","0.0937","0",,"2017-10-29 17:40:24.425212",
"xem_jpy","bid","19.5","500","0",,"2017-11-02 10:41:03.905644",
"eth_jpy","bid","32700","0.2","0",,"2017-11-02 11:55:48.669114",
"eth_jpy","bid","32275","0.0111","0",,"2017-11-02 17:43:14.508314",
"xem_btc","ask","0.00002325","860","0.00002",,"2017-11-03 16:01:24.751437",
"bch_btc","bid","0.091","0.0731","0.0002193",,"2017-11-03 16:03:18.894009",
"bch_btc","bid","0.091","0.1464","0.0004392",,"2017-11-03 16:03:18.894009",
"xem_jpy","ask","19.5","24.1","0.46995",,"2017-11-03 16:04:36.149630",
"xem_jpy","ask","19.5","918.9","17.91855",,"2017-11-03 16:04:36.149630",
"bch_jpy","bid","75295","0.2245","0.0006735",,"2017-11-03 16:05:29.420779",
"bch_jpy","bid","75295","0.0641","0",,"2017-11-03 16:05:30.868542",
"xem_jpy","ask","19.501","0.1","0.0019501",,"2017-11-03 16:27:34.579067",
"zaif_btc","bid","0.0000006","2","0",,"2017-11-11 09:14:16.858186",
"zaif_jpy","ask","0.43","2","0.00086",,"2017-11-11 09:14:41.826751",
"bch_jpy","ask","140010","0.4672","196.238016",,"2017-11-19 15:02:05.733658",
"bch_jpy","ask","140010","0.05","21.0015",,"2017-11-19 15:02:05.733658",
"bch_jpy","ask","140010","0.3","126.009",,"2017-11-19 15:02:05.733658",
"bch_jpy","ask","140005","0.5339","224.2460085",,"2017-11-19 15:02:05.733658",
"eth_jpy","bid","39200","0.1315","0.0001315",,"2017-11-19 15:03:04.088230",
"eth_jpy","bid","39200","0.0001","0.0000001",,"2017-11-19 15:03:04.088230",
"eth_jpy","bid","39300","1","0.001",,"2017-11-19 15:03:43.037491",
"eth_jpy","bid","39300","2.4371","0.0024371",,"2017-11-19 15:03:43.037491",
"eth_jpy","bid","39300","1.2306","0.0012306",,"2017-11-19 15:03:43.037491",
"bch_jpy","ask","132100","1.4407","570.94941",,"2017-11-21 14:02:18.647166",
"bch_jpy","bid","133005","1.4266","0",,"2017-11-21 14:18:49.072902",
"bch_jpy","ask","140000","0.42","0",,"2017-11-22 23:34:12.242725",
"bch_jpy","bid","140000","0.0485","0",,"2017-11-22 23:35:57.571364",
"bch_jpy","bid","140000","0.3715","0",,"2017-11-22 23:36:09.261207",
"bch_jpy","ask","173700","0.3","156.33",,"2017-11-23 20:28:32.447983",
"bch_jpy","ask","173655","0.1","52.0965",,"2017-11-23 20:28:32.447983",
"btc_jpy","bid","902450","0.0537","0","4.8","2017-11-23 20:28:53.885151",
"btc_jpy","bid","902480","0.023","0","2","2017-11-23 20:28:53.885151",
"zaif_jpy","bid","0.447","120","0",,"2017-11-24 10:08:42.216850",
"bch_jpy","ask","186800","0.0105","5.8842",,"2017-11-24 18:50:11.789547",
"bch_jpy","ask","186750","0.0038","2.12895",,"2017-11-24 18:50:11.789547",
"bch_jpy","ask","186735","0.1189","66.6083745",,"2017-11-24 18:50:11.789547",
"bch_jpy","ask","186705","0.1668","93.427182",,"2017-11-24 18:50:11.789547",
"eth_jpy","bid","45775","1.2201","0.0012201",,"2017-11-24 18:50:33.785926",
"eth_jpy","ask","46500","1.2188","56.6742",,"2017-11-24 19:30:13.884822",
"bch_jpy","bid","183990","0.0798","0.0002394",,"2017-11-24 19:30:37.601008",
"bch_jpy","bid","183990","0.2279","0.0006837",,"2017-11-24 19:30:37.601008",
"zaif_jpy","ask","0.499","120","0.05988",,"2017-11-24 19:37:17.906196",
"bch_jpy","bid","183600","0.0003","0.0000009",,"2017-11-24 19:37:53.037574",
"erc20.cms_jpy","ask","110","24.5372","0",,"2017-12-04 19:16:09.751660",
"bch_jpy","bid","173000","0.0156","0.0000468",,"2017-12-04 19:20:58.633232",
"pepecash_jpy","bid","17","0.6163","0.00006163",,"2017-12-08 06:33:54.364678",
"pepecash_jpy","ask","25.9999","0.0009","0.00000234",,"2017-12-08 15:47:50.357569",
"pepecash_jpy","ask","25.4101","0.6154","0.00156374",,"2017-12-08 15:47:50.357569",
"zaif_jpy","bid","0.9399","16.8","0",,"2017-12-08 15:49:44.308563",
"btc_jpy","bid","1942805","0.0102","0","1.9","2017-12-11 20:01:59.553126",
"zaif_jpy","ask","1.157","16.8","0.0194376",,"2017-12-11 20:10:46.511766",
"btc_jpy","bid","1922080","0.0001","0","0","2017-12-11 20:11:08.513626",
"zaif_btc","bid","0.00000065","8153","0",,"2017-12-11 20:58:53.586436",
"zaif_jpy","ask","1.1589","0.5","0.00057945",,"2017-12-11 21:07:33.458385",
"zaif_jpy","ask","1.1575","1.1","0.00127325",,"2017-12-11 21:07:33.458385",
"zaif_jpy","ask","1.1561","8151.4","9.42383354",,"2017-12-11 21:07:33.458385",
"pepecash_jpy","bid","13.8598","301.7833","0.03017833",,"2017-12-11 21:08:03.870809",
"pepecash_jpy","bid","13.8599","378.3737","0.03783737",,"2017-12-11 21:08:03.870809",
"pepecash_jpy","ask","13.7006","10","0.0137006",,"2017-12-11 21:09:53.224965",
"pepecash_jpy","ask","13.7004","670.0889","0.9180486",,"2017-12-11 21:09:53.224965",
"xem_jpy","bid","49.73","3.1834","0.0031834",,"2017-12-11 21:10:53.182990",
"xem_jpy","bid","49.73","25.0244","0.0250244",,"2017-12-11 21:10:53.182990",
"xem_jpy","bid","49.73","25.0119","0.0250119",,"2017-12-11 21:10:53.182990",
"xem_jpy","bid","49.73","24.9995","0.0249995",,"2017-12-11 21:10:53.182990",
"xem_jpy","ask","49.73","78","3.87894",,"2017-12-11 21:14:17.350100",
"eth_jpy","bid","53800","0.1728","0.0001728",,"2017-12-11 21:14:30.353551",
"eth_jpy","ask","53900","0.0186","1.00254",,"2017-12-11 21:39:45.521945",
"eth_jpy","ask","53900","0.01","0",,"2017-12-11 21:40:23.177678",
"eth_jpy","ask","53885","0.1441","7.7648285",,"2017-12-11 21:41:03.666934",
"btc_jpy","bid","1925410","0.0048","0","4.6","2017-12-11 21:41:28.697567",
"zaif_jpy","bid","1.2","50.6","0",,"2017-12-11 22:12:08.254720",
"zaif_jpy","bid","1.3499","4.8","0",,"2017-12-12 11:58:18.525938",
"btc_jpy","ask","1939075","0.0042","0","0.8","2017-12-12 18:00:50.786885",
"btc_jpy","ask","1939035","0.0051","0","0.9","2017-12-12 18:00:50.786885",
"mosaic.cms_jpy","bid","168.3","107.1497","0.1071497",,"2017-12-12 18:01:08.498454",
"zaif_jpy","ask","1.392","55.4","0.0771168",,"2017-12-12 18:07:51.792089",
"xem_jpy","bid","56.7031","1","0.001",,"2017-12-12 18:08:37.023635",
"mosaic.cms_jpy","ask","182","107.0425","0",,"2017-12-12 18:40:12.649438",
"btc_jpy","bid","1943830","0.01","0","9.7","2017-12-12 18:40:57.489036",
"xem_jpy","bid","56.45","1","0.001",,"2017-12-12 18:46:25.345800",
"xem_jpy","ask","57.3","2","0.1146",,"2017-12-12 19:19:50.782209",
"xem_jpy","ask","57.5","0.1","0.00575",,"2017-12-12 19:20:21.253717",
"btc_jpy","ask","1921695","0.01","0","9.6","2017-12-12 19:25:28.153235",
"mosaic.cms_jpy","bid","192","79.457","0.079457",,"2017-12-12 19:26:41.342390",
"mosaic.cms_jpy","bid","192","21.2956","0",,"2017-12-12 19:26:46.576915",
"mosaic.cms_jpy","ask","225","50","0",,"2017-12-12 23:08:06.957814",
"mosaic.cms_jpy","ask","225","50.6731","0",,"2017-12-12 23:08:35.922360",
"zaif_jpy","bid","1.25","16850.5","0",,"2017-12-12 23:27:18.131673",
"zaif_jpy","bid","1.25","1270.6","0",,"2017-12-12 23:27:18.131673",
"zaif_jpy","ask","1.2541","0.2","0.00025082",,"2017-12-13 08:42:03.976117",
"zaif_jpy","ask","1.2541","7799.8","9.78172918",,"2017-12-13 08:42:03.976117",
"zaif_jpy","bid","1.2543","141.9","0",,"2017-12-13 08:42:39.982455",
"btc_jpy","bid","1962010","0.0048","0","4.7","2017-12-13 08:43:34.758922",
"zaif_jpy","bid","1.2549","140.7","0",,"2017-12-13 08:46:33.645599",
"zaif_jpy","ask","1.2797","1998.9","2.55799233",,"2017-12-13 09:58:21.221691",
"zaif_jpy","ask","1.2797","2000","0",,"2017-12-13 09:58:21.806156",
"zaif_jpy","ask","1.2797","10","0",,"2017-12-13 09:58:36.973491",
"zaif_jpy","ask","1.2797","600","0",,"2017-12-13 09:58:37.055558",
"zaif_jpy","ask","1.2797","5","0",,"2017-12-13 09:58:40.282038",
"zaif_jpy","ask","1.2797","5989.8","0",,"2017-12-13 09:58:47.905635",
"mosaic.cms_jpy","bid","310","18.7159","0.0187159",,"2017-12-13 09:58:48.899812",
"mosaic.cms_jpy","bid","300.01","25.8829","0.0258829",,"2017-12-13 10:01:58.193613",
"mosaic.cms_jpy","ask","308","44.5542","13.7226936",,"2017-12-13 10:44:14.776950",
"btc_jpy","bid","1911020","0.0071","0","6.7","2017-12-13 11:35:55.661138",
"zaif_jpy","bid","1.3199","122.2","0",,"2017-12-13 11:55:38.898846",
"btc_jpy","ask","1903700","0.007","0","6.6","2017-12-14 10:35:44.965446",
"btc_jpy","ask","1903700","0.0001","0","0","2017-12-14 10:35:45.974812",
"xem_jpy","bid","61.5","16.3","0.0163",,"2017-12-14 10:36:01.700840",
"xem_jpy","bid","61.5","202.7","0",,"2017-12-14 10:36:09.058420",
"xem_jpy","ask","61.97","11.1","0.687867",,"2017-12-14 12:10:39.449931",
"xem_jpy","ask","61.91","11.1","0.687201",,"2017-12-14 12:10:39.449931",
"xem_jpy","ask","61.91","196.8","0",,"2017-12-14 12:11:08.743994",
"btc_jpy","bid","1897340","0.0071","0","1.3","2017-12-14 12:11:57.129407",
"btc_jpy","ask","1897190","0.0071","0","1.3","2017-12-14 12:12:43.153026",
"pepecash_jpy","bid","11.1795","566.3986","0.05663986",,"2017-12-14 12:13:01.293020",
"pepecash_jpy","bid","11.1795","651.5575","0",,"2017-12-14 12:14:34.208139",
"pepecash_jpy","ask","11.55","349.9975","0.40424711",,"2017-12-14 13:17:36.656371",
"pepecash_jpy","ask","11.55","151.6898","0.17520172",,"2017-12-14 13:17:36.656371",
"pepecash_jpy","ask","11.55","0.0008","0",,"2017-12-14 13:17:38.887700",
"pepecash_jpy","ask","11.5","716.2114","0",,"2017-12-14 13:19:53.223458",
"erc20.cms_jpy","bid","412","34.0542","0.0340542",,"2017-12-14 13:59:10.606847",
"zaif_jpy","ask","1.344","122.2","0.1642368",,"2017-12-14 14:04:36.300241",
"erc20.cms_jpy","ask","370","10","3.7",,"2017-12-17 17:25:37.288716",
"erc20.cms_jpy","ask","369.04","24.0201","8.8643777",,"2017-12-17 17:25:37.288716",
"zaif_jpy","bid","3.41","3731.3","0",,"2017-12-17 17:25:51.834618",
"zaif_jpy","ask","2.438","3731.3","9.0969094",,"2017-12-20 08:29:26.021620",
"xcp_jpy","bid","4098","2.2","0",,"2017-12-20 08:29:37.665567",
"xcp_jpy","ask","4098","1","0",,"2017-12-20 17:00:16.091961",
"xcp_jpy","ask","4098","1.2","0",,"2017-12-20 17:01:45.685425",
"xem_jpy","bid","105","86","0",,"2017-12-20 17:15:49.799849",
"xem_jpy","ask","116","86","0",,"2017-12-20 21:41:47.518991",
"mona_jpy","bid","1871","2","0.002",,"2017-12-20 21:44:04.189593",
"mona_jpy","bid","1871.1","1","0.001",,"2017-12-20 21:44:04.189593",
"mona_jpy","bid","1872","1","0.001",,"2017-12-20 21:44:04.189593",
"mona_jpy","bid","1874","1","0.001",,"2017-12-20 21:44:04.189593",
"xem_jpy","bid","112","6","0",,"2017-12-20 21:55:30.476617",
