取引所,日付(JST),取引項目,通貨ペア(+),通貨ペア(-),取引量(+)原価ベース,取引額(+)BTCベース,取引額(+)JPY時価,取引額(+)JPY原価,取引量(-)原価ベース,取引額(-)BTCベース,取引額(-)JPY時価,取引額(-)JPY原価,当日BTC時価,取引手数料,手数料通貨,取引手数料(JPY)
bitFlyer,2017/07/29,買い,ETH,JPY,2.1,"","","",49896,"","","","","","",""
zaif,2017/08/03,買い,XEM,JPY,15,"","","",386.415,"","","","","","",""
zaif,2017/08/03,買い,XEM,JPY,371,"","","",9561.0039,"","","","","","",""
zaif,2017/08/03,買い,ZAIF,JPY,432.3,"","","",51.40047,"","","","","","",""
zaif,2017/08/04,買い,BTC,JPY,0.0901,"","","",30000,"","","","","","",""
zaif,2017/08/04,買い,XEM,BTC,1099,"","","",1.18719475,"","","","","","",""
zaif,2017/08/06,買い,ZAIF,BTC,21,"","","",0.00000714,"","","","","","",""
zaif,2017/08/06,買い,ZAIF,BTC,34178,"","","",0.01127874,"","","","","","",""
zaif,2017/08/06,買い,BTC,JPY,0.0256,"","","",10000,"","","","","","",""
zaif,2017/08/06,買い,ZAIF,BTC,564,"","","",0.00019176,"","","","","","",""
zaif,2017/08/06,買い,ZAIF,BTC,35784,"","","",0.01216656,"","","","","","",""
zaif,2017/08/06,買い,ZAIF,BTC,9918,"","","",0.00337212,"","","","","","",""
zaif,2017/08/06,買い,ZAIF,BTC,1271,"","","",0.00043214,"","","","","","",""
zaif,2017/08/06,買い,ZAIF,BTC,163,"","","",0.00005542,"","","","","","",""
zaif,2017/08/06,買い,ZAIF,BTC,3,"","","",0.0000009,"","","","","","",""
zaif,2017/08/06,買い,ZAIF,BTC,1,"","","",0.00000031,"","","","","","",""
zaif,2017/08/11,買い,BTC,JPY,0.0475,"","","",20000,"","","","","","",""
zaif,2017/08/11,買い,ZAIF,BTC,92939,"","","",0.0278817,"","","","","","",""
zaif,2017/08/11,買い,ZAIF,BTC,171,"","","",0.00004959,"","","","","","",""
zaif,2017/08/11,買い,ZAIF,BTC,55328,"","","",0.01770496,"","","","","","",""
zaif,2017/08/13,買い,ZAIF,JPY,14.8,"","","",1.55844,"","","","","","",""
zaif,2017/08/13,買い,ZAIF,BTC,8103,"","","",0.00186369,"","","","","","",""
coincheck,2017/08/15,買い,XRP,JPY,1054.9,"","","",20000,"","","","","","",""
zaif,2017/08/18,買い,BTC,JPY,0.1975,"","","",100000,"","","","","","",""
zaif,2017/08/18,買い,ZAIF,BTC,387255,"","","",0.19750005,"","","","","","",""
zaif,2017/08/19,売り,BTC,XEM,0.04358104,"","","",750,"","","","","","",""
zaif,2017/08/19,買い,ZAIF,BTC,10320,"","","",0.0086688,"","","","","","",""
zaif,2017/08/19,買い,ZAIF,BTC,19165,"","","",0.01437375,"","","","","","",""
zaif,2017/08/19,買い,ZAIF,BTC,19,"","","",0.00001425,"","","","","","",""
zaif,2017/08/19,買い,ZAIF,BTC,74935,"","","",0.06219605,"","","","","","",""
zaif,2017/08/19,売り,BTC,XEM,0.0425932,"","","",733,"","","","","","",""
zaif,2017/08/20,売り,BTC,ZAIF,0.0001562,"","","",142,"","","","","","",""
zaif,2017/08/20,売り,BTC,ZAIF,0.15554,"","","",141400,"","","","","","",""
zaif,2017/08/20,売り,BTC,ZAIF,0.000011,"","","",10,"","","","","","",""
zaif,2017/08/20,売り,BTC,ZAIF,0.000022,"","","",20,"","","","","","",""
zaif,2017/08/20,買い,PEPECASH,BTC,1,"","","",0.00010425,"","","","","","",""
zaif,2017/08/20,売り,BTC,ZAIF,0.00002863,"","","",26,"","","","","","",""
zaif,2017/08/20,売り,BTC,ZAIF,0.0314364,"","","",28550,"","","","","","",""
zaif,2017/08/20,売り,BTC,ZAIF,0.011011,"","","",10000,"","","","","","",""
zaif,2017/08/20,売り,BTC,ZAIF,0.0010009,"","","",909,"","","","","","",""
zaif,2017/08/20,売り,BTC,ZAIF,0.000011,"","","",10,"","","","","","",""
zaif,2017/08/20,買い,ZAIF,BTC,27591,"","","",0.02455599,"","","","","","",""
zaif,2017/08/20,買い,ZAIF,BTC,42696,"","","",0.03799944,"","","","","","",""
zaif,2017/08/20,買い,ZAIF,BTC,776,"","","",0.00069064,"","","","","","",""
zaif,2017/08/20,買い,ZAIF,BTC,132074,"","","",0.11754586,"","","","","","",""
zaif,2017/08/20,買い,ZAIF,BTC,129,"","","",0.00011481,"","","","","","",""
zaif,2017/08/20,買い,ZAIF,BTC,8275,"","","",0.00819225,"","","","","","",""
zaif,2017/08/20,買い,ZAIF,BTC,561474,"","","",0.55585926,"","","","","","",""
zaif,2017/08/20,売り,BTC,ZAIF,0.009785,"","","",10300,"","","","","","",""
zaif,2017/08/20,売り,BTC,ZAIF,0.1603201,"","","",168758,"","","","","","",""
zaif,2017/08/20,買い,ZAIF,JPY,64.9,"","","",25.8302,"","","","","","",""
zaif,2017/08/20,買い,BTC,JPY,0.0099,"","","",4433.3685,"","","","","","",""
zaif,2017/08/20,買い,BTC,JPY,0.0494,"","","",22121.32,"","","","","","",""
zaif,2017/08/20,売り,JPY,ZAIF,26580.53475,"","","",76711.5,"","","","","","",""
zaif,2017/08/20,売り,BTC,PEPECASH,0.18141362,"","","",56334,"","","","","","",""
zaif,2017/08/20,売り,BTC,ZAIF,0.15338003,"","","",255378,"","","","","","",""
zaif,2017/08/20,売り,BTC,ZAIF,0.0001964,"","","",327,"","","","","","",""
zaif,2017/08/20,買い,PEPECASH,BTC,4010,"","","",0.4204084,"","","","","","",""
zaif,2017/08/20,買い,PEPECASH,BTC,1,"","","",0.00010425,"","","","","","",""
zaif,2017/08/20,買い,PEPECASH,BTC,5293,"","","",0.55179525,"","","","","","",""
zaif,2017/08/20,売り,BTC,ZAIF,0.0418957,"","","",38087,"","","","","","",""
zaif,2017/08/20,買い,PEPECASH,BTC,1,"","","",0.00000425,"","","","","","",""
zaif,2017/08/20,買い,PEPECASH,BTC,6833,"","","",0.02904025,"","","","","","",""
zaif,2017/08/20,売り,BTC,ZAIF,0.000011,"","","",10,"","","","","","",""
zaif,2017/08/20,買い,PEPECASH,BTC,13612,"","","",0.057851,"","","","","","",""
zaif,2017/08/20,買い,PEPECASH,BTC,15616,"","","",1.627968,"","","","","","",""
zaif,2017/08/20,買い,PEPECASH,BTC,586,"","","",0.0610905,"","","","","","",""
zaif,2017/08/20,買い,PEPECASH,BTC,2,"","","",0.0000085,"","","","","","",""
zaif,2017/08/20,買い,PEPECASH,BTC,10382,"","","",0.0441235,"","","","","","",""
zaif,2017/08/20,売り,BTC,ZAIF,0.000011,"","","",10,"","","","","","",""
zaif,2017/08/20,売り,BTC,ZAIF,0.0000011,"","","",1,"","","","","","",""
coincheck,2017/08/20,売り,BTC,XRP,0.038525,"","","",1054.9,"","","","","","",""
bitFlyer,2017/08/20,売り,BTC,ETH,0.0007173,"","","",0.01,"","","","","","",""
bitFlyer,2017/08/20,売り,BTC,ETH,0.007173,"","","",0.1,"","","","","","",""
bitFlyer,2017/08/20,売り,BTC,ETH,0.1355697,"","","",1.89,"","","","","","",""
zaif,2017/08/21,買い,ZAIF,JPY,5941.4,"","","",2198.318,"","","","","","",""
zaif,2017/08/21,買い,ZAIF,JPY,6.6,"","","",2.6103,"","","","","","",""
zaif,2017/08/21,買い,ZAIF,JPY,0.5,"","","",0.185,"","","","","","",""
zaif,2017/08/21,売り,JPY,ZAIF,92762.64,"","","",231906.6,"","","","","","",""
zaif,2017/08/21,買い,ZAIF,JPY,242834.1,"","","",89824.33359,"","","","","","",""
zaif,2017/08/21,買い,ZAIF,JPY,2000,"","","",739.8,"","","","","","",""
zaif,2017/08/22,売り,JPY,ZAIF,26.2545,"","","",69,"","","","","","",""
zaif,2017/08/22,売り,JPY,ZAIF,26.2545,"","","",69,"","","","","","",""
zaif,2017/08/22,売り,JPY,ZAIF,26.2545,"","","",69,"","","","","","",""
zaif,2017/08/22,売り,JPY,ZAIF,26.2545,"","","",69,"","","","","","",""
zaif,2017/08/22,売り,JPY,ZAIF,26.2545,"","","",69,"","","","","","",""
zaif,2017/08/22,売り,JPY,ZAIF,26.2545,"","","",69,"","","","","","",""
zaif,2017/08/22,売り,JPY,ZAIF,26.2545,"","","",69,"","","","","","",""
zaif,2017/08/22,売り,JPY,ZAIF,26.2545,"","","",69,"","","","","","",""
zaif,2017/08/22,売り,JPY,ZAIF,26.2545,"","","",69,"","","","","","",""
zaif,2017/08/22,売り,JPY,ZAIF,0.26635,"","","",0.7,"","","","","","",""
zaif,2017/08/22,売り,JPY,ZAIF,26.2545,"","","",69,"","","","","","",""
zaif,2017/08/22,売り,JPY,ZAIF,1030.396017,"","","",2705.3,"","","","","","",""
zaif,2017/08/22,売り,JPY,ZAIF,29458.3452,"","","",79189.1,"","","","","","",""
zaif,2017/08/22,売り,JPY,PEPECASH,0.07394507,"","","",0.0493,"","","","","","",""
zaif,2017/08/22,売り,JPY,PEPECASH,0.59996,"","","",0.4,"","","","","","",""
zaif,2017/08/22,買い,BTC,JPY,0.0234,"","","",9750.546,"","","","","","",""
zaif,2017/08/22,売り,JPY,ZAIF,26.2545,"","","",69,"","","","","","",""
zaif,2017/08/22,売り,JPY,ZAIF,26.2545,"","","",69,"","","","","","",""
zaif,2017/08/22,売り,JPY,ZAIF,25.4935,"","","",67,"","","","","","",""
zaif,2017/08/22,売り,JPY,ZAIF,26.2545,"","","",69,"","","","","","",""
zaif,2017/08/22,売り,JPY,ZAIF,26.2545,"","","",69,"","","","","","",""
zaif,2017/08/22,売り,JPY,ZAIF,26.2545,"","","",69,"","","","","","",""
zaif,2017/08/22,売り,JPY,ZAIF,26.2545,"","","",69,"","","","","","",""
zaif,2017/08/22,売り,JPY,ZAIF,26.2545,"","","",69,"","","","","","",""
zaif,2017/08/22,売り,JPY,ZAIF,26.2545,"","","",69,"","","","","","",""
zaif,2017/08/22,売り,JPY,ZAIF,26.2545,"","","",69,"","","","","","",""
zaif,2017/08/22,売り,JPY,ZAIF,26.2545,"","","",69,"","","","","","",""
zaif,2017/08/22,売り,JPY,ZAIF,26.2545,"","","",69,"","","","","","",""
zaif,2017/08/22,売り,JPY,ZAIF,4185.5,"","","",11000,"","","","","","",""
zaif,2017/08/22,売り,JPY,ZAIF,26.2545,"","","",69,"","","","","","",""
zaif,2017/08/22,売り,JPY,ZAIF,26.2545,"","","",69,"","","","","","",""
zaif,2017/08/22,売り,JPY,ZAIF,26.2545,"","","",69,"","","","","","",""
zaif,2017/08/22,売り,JPY,ZAIF,26.2545,"","","",69,"","","","","","",""
zaif,2017/08/22,売り,JPY,ZAIF,26.2545,"","","",69,"","","","","","",""
zaif,2017/08/22,売り,JPY,ZAIF,26.2545,"","","",69,"","","","","","",""
zaif,2017/08/22,売り,JPY,ZAIF,26.2545,"","","",69,"","","","","","",""
zaif,2017/08/22,売り,JPY,ZAIF,26.2545,"","","",69,"","","","","","",""
zaif,2017/08/22,売り,JPY,ZAIF,26.2545,"","","",69,"","","","","","",""
zaif,2017/08/22,売り,JPY,ZAIF,26.2545,"","","",69,"","","","","","",""
zaif,2017/08/22,売り,JPY,ZAIF,26.2545,"","","",69,"","","","","","",""
zaif,2017/08/22,売り,JPY,ZAIF,8674.52485,"","","",22797.7,"","","","","","",""
zaif,2017/08/22,売り,JPY,ZAIF,26.2545,"","","",69,"","","","","","",""
zaif,2017/08/22,売り,JPY,ZAIF,26.2545,"","","",69,"","","","","","",""
zaif,2017/08/22,売り,JPY,ZAIF,26.2545,"","","",69,"","","","","","",""
zaif,2017/08/22,売り,JPY,ZAIF,26.2545,"","","",69,"","","","","","",""
zaif,2017/08/22,売り,JPY,ZAIF,26.2545,"","","",69,"","","","","","",""
zaif,2017/08/22,売り,JPY,ZAIF,26.2545,"","","",69,"","","","","","",""
zaif,2017/08/22,売り,JPY,ZAIF,26.2545,"","","",69,"","","","","","",""
zaif,2017/08/22,売り,JPY,ZAIF,26.2545,"","","",69,"","","","","","",""
zaif,2017/08/22,売り,JPY,ZAIF,26.2545,"","","",69,"","","","","","",""
zaif,2017/08/22,売り,JPY,ZAIF,26.2545,"","","",69,"","","","","","",""
zaif,2017/08/22,売り,JPY,ZAIF,26.2545,"","","",69,"","","","","","",""
zaif,2017/08/22,売り,JPY,ZAIF,26.2545,"","","",69,"","","","","","",""
zaif,2017/08/22,売り,JPY,ZAIF,26.2545,"","","",69,"","","","","","",""
zaif,2017/08/22,売り,JPY,ZAIF,26.2545,"","","",69,"","","","","","",""
zaif,2017/08/22,売り,JPY,ZAIF,26.2545,"","","",69,"","","","","","",""
zaif,2017/08/22,売り,JPY,ZAIF,26.2545,"","","",69,"","","","","","",""
zaif,2017/08/22,売り,JPY,ZAIF,26.2545,"","","",69,"","","","","","",""
zaif,2017/08/22,売り,JPY,ZAIF,26.2545,"","","",69,"","","","","","",""
zaif,2017/08/22,売り,JPY,ZAIF,26.2545,"","","",69,"","","","","","",""
zaif,2017/08/22,売り,JPY,ZAIF,26.2545,"","","",69,"","","","","","",""
zaif,2017/08/22,売り,JPY,ZAIF,26.2545,"","","",69,"","","","","","",""
zaif,2017/08/22,売り,JPY,ZAIF,26.2545,"","","",69,"","","","","","",""
zaif,2017/08/22,売り,JPY,ZAIF,26.2545,"","","",69,"","","","","","",""
zaif,2017/08/22,売り,JPY,ZAIF,26.2545,"","","",69,"","","","","","",""
zaif,2017/08/22,売り,JPY,ZAIF,26.2545,"","","",69,"","","","","","",""
zaif,2017/08/22,売り,JPY,ZAIF,26.2545,"","","",69,"","","","","","",""
zaif,2017/08/22,売り,JPY,ZAIF,26.2545,"","","",69,"","","","","","",""
zaif,2017/08/22,売り,JPY,ZAIF,26.2545,"","","",69,"","","","","","",""
zaif,2017/08/22,売り,JPY,ZAIF,26.2545,"","","",69,"","","","","","",""
zaif,2017/08/22,売り,JPY,ZAIF,26.2545,"","","",69,"","","","","","",""
zaif,2017/08/22,売り,JPY,ZAIF,26.2545,"","","",69,"","","","","","",""
zaif,2017/08/22,売り,JPY,ZAIF,6278.25,"","","",16500,"","","","","","",""
zaif,2017/08/22,売り,JPY,ZAIF,26.2545,"","","",69,"","","","","","",""
zaif,2017/08/22,売り,JPY,ZAIF,26.2545,"","","",69,"","","","","","",""
zaif,2017/08/22,売り,JPY,ZAIF,26.2545,"","","",69,"","","","","","",""
zaif,2017/08/22,売り,JPY,ZAIF,26.2545,"","","",69,"","","","","","",""
zaif,2017/08/22,売り,JPY,ZAIF,26.2545,"","","",69,"","","","","","",""
zaif,2017/08/22,売り,JPY,ZAIF,26.2545,"","","",69,"","","","","","",""
zaif,2017/08/22,売り,JPY,ZAIF,26.2545,"","","",69,"","","","","","",""
zaif,2017/08/22,売り,JPY,ZAIF,26.2545,"","","",69,"","","","","","",""
zaif,2017/08/22,売り,JPY,ZAIF,26.2545,"","","",69,"","","","","","",""
zaif,2017/08/22,売り,JPY,ZAIF,26.2545,"","","",69,"","","","","","",""
zaif,2017/08/22,売り,JPY,ZAIF,26.2545,"","","",69,"","","","","","",""
zaif,2017/08/22,売り,JPY,ZAIF,26.2545,"","","",69,"","","","","","",""
zaif,2017/08/22,売り,JPY,ZAIF,26.2545,"","","",69,"","","","","","",""
zaif,2017/08/22,売り,JPY,ZAIF,26.2545,"","","",69,"","","","","","",""
zaif,2017/08/22,売り,JPY,ZAIF,26.2545,"","","",69,"","","","","","",""
zaif,2017/08/22,売り,JPY,ZAIF,26.2545,"","","",69,"","","","","","",""
zaif,2017/08/22,売り,JPY,ZAIF,26.2545,"","","",69,"","","","","","",""
zaif,2017/08/22,売り,JPY,ZAIF,26.2545,"","","",69,"","","","","","",""
zaif,2017/08/22,売り,JPY,ZAIF,26.2545,"","","",69,"","","","","","",""
zaif,2017/08/22,売り,JPY,ZAIF,26.2545,"","","",69,"","","","","","",""
zaif,2017/08/22,売り,JPY,ZAIF,26.2545,"","","",69,"","","","","","",""
zaif,2017/08/22,売り,JPY,ZAIF,26.2545,"","","",69,"","","","","","",""
zaif,2017/08/22,売り,JPY,ZAIF,26.2545,"","","",69,"","","","","","",""
zaif,2017/08/22,売り,JPY,ZAIF,2707.4047,"","","",7310,"","","","","","",""
zaif,2017/08/22,売り,JPY,ZAIF,20020.01702,"","","",54054.1,"","","","","","",""
zaif,2017/08/22,売り,JPY,ZAIF,124781.5789,"","","",336910.6,"","","","","","",""
zaif,2017/08/22,買い,ZAIF,JPY,0.2,"","","",0.0728,"","","","","","",""
zaif,2017/08/22,買い,ZAIF,JPY,144914.7,"","","",52748.9508,"","","","","","",""
zaif,2017/08/22,買い,ZAIF,JPY,255085.1,"","","",92850.9764,"","","","","","",""
zaif,2017/08/22,買い,BTC,JPY,0.001,"","","",416.69,"","","","","","",""
zaif,2017/08/22,売り,JPY,ZAIF,26.2545,"","","",69,"","","","","","",""
zaif,2017/08/22,買い,BTC,JPY,0.0034,"","","",1416.746,"","","","","","",""
zaif,2017/08/22,買い,BTC,JPY,0.3276,"","","",136507.644,"","","","","","",""
zaif,2017/08/22,買い,ZAIF,JPY,12.5,"","","",4.55,"","","","","","",""
zaif,2017/08/22,売り,JPY,ZAIF,11365.312,"","","",30884,"","","","","","",""
zaif,2017/08/22,売り,JPY,ZAIF,11.408,"","","",31,"","","","","","",""
zaif,2017/08/22,売り,JPY,ZAIF,0.368,"","","",1,"","","","","","",""
zaif,2017/08/22,売り,JPY,ZAIF,3680,"","","",10000,"","","","","","",""
zaif,2017/08/22,売り,JPY,ZAIF,132147.512,"","","",359096.5,"","","","","","",""
zaif,2017/08/22,買い,BTC,JPY,0.361,"","","",147181.505,"","","","","","",""
zaif,2017/08/22,買い,XEM,BTC,1000,"","","",1.0685,"","","","","","",""
zaif,2017/08/22,買い,XEM,BTC,499,"","","",0.0341815,"","","","","","",""
zaif,2017/08/22,買い,XEM,BTC,1,"","","",0.0000685,"","","","","","",""
zaif,2017/08/22,売り,JPY,ZAIF,26.2545,"","","",69,"","","","","","",""
zaif,2017/08/22,売り,JPY,ZAIF,26.2545,"","","",69,"","","","","","",""
zaif,2017/08/22,売り,JPY,ZAIF,26.2545,"","","",69,"","","","","","",""
zaif,2017/08/22,売り,JPY,ZAIF,26.2545,"","","",69,"","","","","","",""
zaif,2017/08/22,売り,JPY,ZAIF,4535.75025,"","","",11920.5,"","","","","","",""
zaif,2017/08/22,売り,JPY,ZAIF,11117.106,"","","",30000,"","","","","","",""
zaif,2017/08/22,売り,JPY,ZAIF,20555.23712,"","","",55484.2,"","","","","","",""
zaif,2017/08/22,売り,JPY,ZAIF,20019.98192,"","","",54039.4,"","","","","","",""
zaif,2017/08/22,売り,JPY,ZAIF,38393.2613,"","","",103633.9,"","","","","","",""
coincheck,2017/08/22,買い,XRP,BTC,1619.8,"","","",0.100025,"","","","","","",""
zaif,2017/08/23,売り,JPY,BTC,2254.925,"","","",0.005,"","","","","","",""
zaif,2017/08/23,売り,BTC,XEM,0.0921885,"","","",1499,"","","","","","",""
zaif,2017/08/23,売り,JPY,BTC,8433.4195,"","","",0.0187,"","","","","","",""
zaif,2017/08/23,売り,JPY,BTC,20790.4085,"","","",0.0461,"","","","","","",""
zaif,2017/08/23,売り,JPY,BTC,2751.0085,"","","",0.0061,"","","","","","",""
zaif,2017/08/23,売り,JPY,BTC,2254.925,"","","",0.005,"","","","","","",""
zaif,2017/08/23,売り,JPY,BTC,96781.381,"","","",0.2146,"","","","","","",""
zaif,2017/08/23,売り,JPY,BTC,7711.8435,"","","",0.0171,"","","","","","",""
zaif,2017/08/23,買い,BTC,JPY,0.0001,"","","",45.596,"","","","","","",""
zaif,2017/08/23,買い,BTC,JPY,0.0006,"","","",273.6,"","","","","","",""
zaif,2017/08/23,買い,BTC,JPY,0.2776,"","","",126585.6,"","","","","","",""
zaif,2017/08/23,買い,BTC,JPY,0.0157,"","","",7159.2,"","","","","","",""
zaif,2017/08/23,買い,BTC,JPY,0.0152,"","","",6931.2,"","","","","","",""
zaif,2017/08/23,買い,ZAIF,BTC,54,"","","",0.0000486,"","","","","","",""
zaif,2017/08/23,買い,ZAIF,BTC,1,"","","",0.0000009,"","","","","","",""
zaif,2017/08/23,買い,ZAIF,JPY,84.9,"","","",35.08917,"","","","","","",""
coincheck,2017/08/23,買い,XRP,BTC,4309.3,"","","",0.3087,"","","","","","",""
coincheck,2017/08/23,買い,XRP,BTC,1380,"","","",0.0916,"","","","","","",""
bitFlyer,2017/08/23,売り,BTC,ETH,0.0071744,"","","",0.095,"","","","","","",""
zaif,2017/08/24,買い,ZAIF,BTC,19980,"","","",0.0217782,"","","","","","",""
zaif,2017/08/24,買い,ZAIF,BTC,33368,"","","",0.03637112,"","","","","","",""
zaif,2017/08/24,買い,ZAIF,BTC,59206,"","","",0.06453454,"","","","","","",""
zaif,2017/08/24,売り,BTC,ZAIF,0.2453682,"","","",223062,"","","","","","",""
zaif,2017/08/24,買い,ZAIF,JPY,55.1,"","","",27.25797,"","","","","","",""
zaif,2017/08/24,買い,ZAIF,JPY,0.1,"","","",0.04947,"","","","","","",""
zaif,2017/08/24,買い,ZAIF,JPY,0.1,"","","",0.04947,"","","","","","",""
zaif,2017/08/24,買い,ZAIF,JPY,0.1,"","","",0.04947,"","","","","","",""
zaif,2017/08/24,買い,ZAIF,JPY,0.1,"","","",0.04947,"","","","","","",""
zaif,2017/08/24,買い,ZAIF,JPY,0.1,"","","",0.04947,"","","","","","",""
zaif,2017/08/24,買い,ZAIF,JPY,0.1,"","","",0.04947,"","","","","","",""
zaif,2017/08/24,買い,ZAIF,JPY,0.1,"","","",0.04947,"","","","","","",""
zaif,2017/08/24,買い,ZAIF,BTC,223006,"","","",0.2341563,"","","","","","",""
zaif,2017/08/24,売り,BTC,ZAIF,0.2341559,"","","",212869,"","","","","","",""
zaif,2017/08/24,買い,ZAIF,BTC,191803,"","","",0.20139315,"","","","","","",""
zaif,2017/08/24,買い,ZAIF,BTC,21066,"","","",0.0221193,"","","","","","",""
zaif,2017/08/24,売り,BTC,ZAIF,0.22351248,"","","",206956,"","","","","","",""
zaif,2017/08/24,買い,ZAIF,BTC,7617,"","","",0.007617,"","","","","","",""
zaif,2017/08/24,買い,ZAIF,BTC,199200,"","","",0.1992,"","","","","","",""
coincheck,2017/08/24,売り,BTC,XRP,0.45047,"","","",7309.1,"","","","","","",""
zaif,2017/08/25,売り,JPY,ZAIF,23521.69119,"","","",41224.9,"","","","","","",""
zaif,2017/08/25,売り,JPY,ZAIF,35846.103,"","","",62887.9,"","","","","","",""
zaif,2017/08/25,売り,JPY,ZAIF,0.05779,"","","",0.1,"","","","","","",""
zaif,2017/08/25,売り,JPY,ZAIF,60166.78712,"","","",104112.8,"","","","","","",""
zaif,2017/08/25,買い,ZAIF,BTC,122068,"","","",0.1464816,"","","","","","",""
zaif,2017/08/25,買い,ZAIF,JPY,215293.1,"","","",119487.6705,"","","","","","",""
zaif,2017/08/25,買い,ZAIF,BTC,72513,"","","",0.08193969,"","","","","","",""
zaif,2017/08/25,買い,ZAIF,BTC,78855,"","","",0.08910615,"","","","","","",""
zaif,2017/08/25,買い,ZAIF,BTC,86034,"","","",0.1032408,"","","","","","",""
zaif,2017/08/25,買い,ZAIF,BTC,1661,"","","",0.00187693,"","","","","","",""
zaif,2017/08/25,買い,ZAIF,BTC,7749,"","","",0.00875637,"","","","","","",""
zaif,2017/08/25,買い,ZAIF,BTC,89878,"","","",0.10156214,"","","","","","",""
zaif,2017/08/25,買い,ZAIF,BTC,142076,"","","",0.16622892,"","","","","","",""
zaif,2017/08/25,売り,BTC,ZAIF,0.148709,"","","",122900,"","","","","","",""
zaif,2017/08/25,売り,BTC,ZAIF,0.00121,"","","",1000,"","","","","","",""
zaif,2017/08/25,売り,BTC,ZAIF,0.21793552,"","","",180112,"","","","","","",""
zaif,2017/08/25,買い,ZAIF,BTC,93323,"","","",0.10918791,"","","","","","",""
zaif,2017/08/25,売り,BTC,ZAIF,0.146616,"","","",119200,"","","","","","",""
zaif,2017/08/25,売り,BTC,ZAIF,0.00006426,"","","",51,"","","","","","",""
zaif,2017/08/25,売り,BTC,ZAIF,0.10507014,"","","",83389,"","","","","","",""
zaif,2017/08/25,売り,JPY,ZAIF,42112.52546,"","","",66778.5,"","","","","","",""
zaif,2017/08/25,売り,JPY,ZAIF,36513.28781,"","","",57899.7,"","","","","","",""
zaif,2017/08/25,売り,BTC,ZAIF,0.12718602,"","","",112554,"","","","","","",""
zaif,2017/08/25,売り,JPY,ZAIF,630.63,"","","",1000,"","","","","","",""
zaif,2017/08/25,売り,JPY,ZAIF,630,"","","",1000,"","","","","","",""
zaif,2017/08/25,売り,JPY,ZAIF,0.63,"","","",1,"","","","","","",""
zaif,2017/08/25,売り,JPY,ZAIF,42850.647,"","","",68016.9,"","","","","","",""
zaif,2017/08/25,買い,ZAIF,JPY,48714.1,"","","",29228.46,"","","","","","",""
zaif,2017/08/25,買い,ZAIF,JPY,2000,"","","",1200,"","","","","","",""
zaif,2017/08/25,買い,ZAIF,BTC,160291,"","","",0.1923492,"","","","","","",""
zaif,2017/08/25,買い,ZAIF,JPY,153584.8,"","","",92150.88,"","","","","","",""
zaif,2017/08/25,買い,ZAIF,BTC,25239,"","","",0.0302868,"","","","","","",""
zaif,2017/08/25,売り,BTC,ZAIF,0.00000126,"","","",1,"","","","","","",""
zaif,2017/08/25,売り,BTC,ZAIF,0.00000126,"","","",1,"","","","","","",""
zaif,2017/08/25,売り,BTC,ZAIF,0.1182025,"","","",90925,"","","","","","",""
zaif,2017/08/25,売り,BTC,ZAIF,0.0208,"","","",16000,"","","","","","",""
zaif,2017/08/25,売り,BTC,ZAIF,0.0000208,"","","",16,"","","","","","",""
zaif,2017/08/25,売り,BTC,ZAIF,0.0000013,"","","",1,"","","","","","",""
zaif,2017/08/25,売り,BTC,ZAIF,0.1143623,"","","",87971,"","","","","","",""
zaif,2017/08/25,売り,BTC,ZAIF,0.13462377,"","","",97456,"","","","","","",""
zaif,2017/08/25,売り,BTC,ZAIF,0.13546523,"","","",97457,"","","","","","",""
zaif,2017/08/25,買い,ZAIF,BTC,1,"","","",0.0000012,"","","","","","",""
zaif,2017/08/25,買い,ZAIF,BTC,122,"","","",0.0001464,"","","","","","",""
zaif,2017/08/26,買い,ZAIF,JPY,614036.7,"","","",405264.222,"","","","","","",""
zaif,2017/08/26,買い,ZAIF,BTC,579279,"","","",0.8109906,"","","","","","",""
zaif,2017/08/26,売り,JPY,ZAIF,87.1002,"","","",124.5,"","","","","","",""
zaif,2017/08/26,売り,JPY,ZAIF,99942.7572,"","","",142857,"","","","","","",""
zaif,2017/08/26,売り,JPY,ZAIF,55806.3924,"","","",79769,"","","","","","",""
zaif,2017/08/26,売り,JPY,ZAIF,141900.2178,"","","",202830.5,"","","","","","",""
zaif,2017/08/26,売り,JPY,ZAIF,94855.54584,"","","",135585.4,"","","","","","",""
zaif,2017/08/26,売り,JPY,ZAIF,12672.2046,"","","",18113.5,"","","","","","",""
zaif,2017/08/26,売り,JPY,ZAIF,24565.208,"","","",26133.2,"","","","","","",""
zaif,2017/08/26,売り,JPY,ZAIF,552629.29,"","","",587903.5,"","","","","","",""
zaif,2017/08/26,買い,ZAIF,JPY,620639.2,"","","",577194.456,"","","","","","",""
zaif,2017/08/27,売り,JPY,ZAIF,246956.27,"","","",224505.7,"","","","","","",""
zaif,2017/08/27,売り,BTC,ZAIF,0.288,"","","",100000,"","","","","","",""
zaif,2017/08/27,売り,BTC,ZAIF,0.0576,"","","",20000,"","","","","","",""
zaif,2017/08/27,売り,BTC,ZAIF,0.576,"","","",200000,"","","","","","",""
zaif,2017/08/27,売り,JPY,ZAIF,94441.49,"","","",85855.9,"","","","","","",""
zaif,2017/08/27,売り,BTC,ZAIF,0.08906112,"","","",30924,"","","","","","",""
zaif,2017/08/27,売り,BTC,ZAIF,0.05291712,"","","",18374,"","","","","","",""
zaif,2017/08/27,買い,ZAIF,BTC,699722,"","","",1.06357744,"","","","","","",""
zaif,2017/08/27,売り,JPY,ZAIF,341305.36,"","","",310277.6,"","","","","","",""
zaif,2017/08/27,買い,ZAIF,JPY,14835,"","","",28186.5,"","","","","","",""
zaif,2017/08/27,買い,ZAIF,JPY,164823.8,"","","",313165.22,"","","","","","",""
zaif,2017/08/27,買い,ZAIF,JPY,189639.7,"","","",341351.46,"","","","","","",""
zaif,2017/08/29,買い,XEM,BTC,17,"","","",0.0010965,"","","","","","",""
zaif,2017/08/29,買い,ZAIF,BTC,246934,"","","",0.987736,"","","","","","",""
zaif,2017/08/29,売り,BTC,ZAIF,0.00404,"","","",2000,"","","","","","",""
zaif,2017/08/29,売り,BTC,ZAIF,0.1695083,"","","",83915,"","","","","","",""
zaif,2017/08/29,売り,BTC,ZAIF,0.21065772,"","","",104286,"","","","","","",""
zaif,2017/08/29,売り,BTC,ZAIF,0.67970172,"","","",336486,"","","","","","",""
zaif,2017/08/29,売り,BTC,ZAIF,0.1789821,"","","",88605,"","","","","","",""
zaif,2017/08/29,売り,BTC,ZAIF,0.00029896,"","","",148,"","","","","","",""
zaif,2017/08/29,売り,BTC,ZAIF,0.00017978,"","","",89,"","","","","","",""
zaif,2017/08/29,売り,BTC,ZAIF,0.0101,"","","",5000,"","","","","","",""
zaif,2017/08/29,売り,BTC,ZAIF,0.15996986,"","","",79193,"","","","","","",""
zaif,2017/08/29,買い,XEM,BTC,2030,"","","",0.130935,"","","","","","",""
zaif,2017/08/29,買い,XEM,BTC,4500,"","","",0.29025,"","","","","","",""
zaif,2017/08/29,買い,XEM,BTC,53,"","","",0.0034185,"","","","","","",""
zaif,2017/08/30,売り,BTC,ZAIF,0.05820873,"","","",20003,"","","","","","",""
zaif,2017/08/30,売り,BTC,ZAIF,0.13929006,"","","",47866,"","","","","","",""
zaif,2017/08/30,売り,BTC,ZAIF,0.52108206,"","","",179066,"","","","","","",""
zaif,2017/08/30,買い,ZAIF,BTC,70000,"","","",0.2079,"","","","","","",""
zaif,2017/08/30,買い,ZAIF,BTC,20000,"","","",0.0594,"","","","","","",""
zaif,2017/08/30,買い,ZAIF,BTC,151946,"","","",0.45127962,"","","","","","",""
zaif,2017/08/30,買い,ZAIF,BTC,1,"","","",0.00000285,"","","","","","",""
zaif,2017/08/31,買い,ZAIF,BTC,1,"","","",0.0000025,"","","","","","",""
zaif,2017/08/31,買い,ZAIF,BTC,50000,"","","",0.125,"","","","","","",""
zaif,2017/08/31,買い,ZAIF,BTC,64530,"","","",0.161325,"","","","","","",""
zaif,2017/08/31,買い,ZAIF,BTC,64989,"","","",0.1624725,"","","","","","",""
zaif,2017/08/31,売り,BTC,XEM,0.4488,"","","",6600,"","","","","","",""
zaif,2017/09/05,売り,JPY,ZAIF,0.14045,"","","",0.1,"","","","","","",""
zaif,2017/09/05,売り,JPY,ZAIF,0.14045,"","","",0.1,"","","","","","",""
zaif,2017/09/05,売り,JPY,ZAIF,295974.3581,"","","",210732.9,"","","","","","",""
zaif,2017/09/05,買い,ZAIF,JPY,41586.5,"","","",57385.21135,"","","","","","",""
zaif,2017/09/05,買い,ZAIF,JPY,94063.4,"","","",129807.492,"","","","","","",""
zaif,2017/09/05,買い,ZAIF,JPY,78824.5,"","","",108777.81,"","","","","","",""
zaif,2017/09/05,買い,ZAIF,JPY,3,"","","",4.1394,"","","","","","",""
zaif,2017/09/05,売り,JPY,ZAIF,0.14045,"","","",0.1,"","","","","","",""
zaif,2017/09/07,売り,JPY,ZAIF,0.1345,"","","",0.1,"","","","","","",""
zaif,2017/09/07,売り,JPY,ZAIF,131189.95,"","","",100145,"","","","","","",""
zaif,2017/09/07,売り,JPY,ZAIF,147322.993,"","","",112460.3,"","","","","","",""
zaif,2017/09/07,売り,JPY,ZAIF,84861.4188,"","","",63781.6,"","","","","","",""
zaif,2017/09/07,売り,JPY,ZAIF,59827.114,"","","",44647.1,"","","","","","",""
zaif,2017/09/07,売り,JPY,ZAIF,10516.017,"","","",7818.6,"","","","","","",""
zaif,2017/09/07,売り,JPY,ZAIF,14076.6355,"","","",10465.9,"","","","","","",""
zaif,2017/09/07,売り,JPY,ZAIF,0.1345,"","","",0.1,"","","","","","",""
zaif,2017/09/07,売り,JPY,ZAIF,17442.3635,"","","",12968.3,"","","","","","",""
zaif,2017/09/07,買い,ZAIF,JPY,594.5,"","","",772.85,"","","","","","",""
zaif,2017/09/07,買い,ZAIF,JPY,146826.3,"","","",190874.19,"","","","","","",""
zaif,2017/09/07,買い,ZAIF,JPY,0.1,"","","",0.13,"","","","","","",""
zaif,2017/09/07,買い,ZAIF,JPY,91945,"","","",119528.5,"","","","","","",""
zaif,2017/09/07,買い,ZAIF,JPY,0.1,"","","",0.13,"","","","","","",""
zaif,2017/09/07,買い,ZAIF,JPY,29800.1,"","","",38740.13,"","","","","","",""
zaif,2017/09/07,買い,ZAIF,JPY,0.1,"","","",0.13,"","","","","","",""
zaif,2017/09/07,買い,ZAIF,JPY,4035.3,"","","",5245.89,"","","","","","",""
zaif,2017/09/07,買い,ZAIF,JPY,0.1,"","","",0.13,"","","","","","",""
zaif,2017/09/07,買い,ZAIF,JPY,74198.9,"","","",96458.57,"","","","","","",""
zaif,2017/09/07,買い,ZAIF,JPY,5612,"","","",7295.6,"","","","","","",""
zaif,2017/09/07,買い,ZAIF,JPY,10,"","","",13,"","","","","","",""
zaif,2017/09/07,買い,ZAIF,JPY,399.9,"","","",519.87,"","","","","","",""
zaif,2017/09/07,買い,ZAIF,JPY,0.1,"","","",0.13,"","","","","","",""
zaif,2017/09/07,買い,ZAIF,JPY,0.1,"","","",0.13,"","","","","","",""
zaif,2017/09/07,買い,ZAIF,JPY,4451.9,"","","",5787.47,"","","","","","",""
zaif,2017/09/10,売り,JPY,ZAIF,22997.5,"","","",25000,"","","","","","",""
zaif,2017/09/10,売り,JPY,ZAIF,0.9199,"","","",1,"","","","","","",""
zaif,2017/09/10,買い,ZAIF,JPY,35421,"","","",31521.1479,"","","","","","",""
zaif,2017/09/10,買い,ZAIF,JPY,37784,"","","",34152.9576,"","","","","","",""
zaif,2017/09/10,売り,JPY,ZAIF,0.9199,"","","",1,"","","","","","",""
zaif,2017/09/10,売り,JPY,ZAIF,86048.829,"","","",98906.7,"","","","","","",""
zaif,2017/09/10,売り,JPY,ZAIF,84607.935,"","","",97250.5,"","","","","","",""
zaif,2017/09/10,売り,JPY,ZAIF,143011.644,"","","",164381.2,"","","","","","",""
zaif,2017/09/10,売り,JPY,ZAIF,0.87,"","","",1,"","","","","","",""
zaif,2017/09/10,売り,JPY,ZAIF,62440.509,"","","",71770.7,"","","","","","",""
zaif,2017/09/10,売り,JPY,ZAIF,261.348,"","","",300.4,"","","","","","",""
zaif,2017/09/10,買い,ZAIF,JPY,437640.9,"","","",376371.174,"","","","","","",""
zaif,2017/09/10,売り,JPY,ZAIF,42673.88503,"","","",46389.7,"","","","","","",""
zaif,2017/09/10,売り,JPY,ZAIF,0.9199,"","","",1,"","","","","","",""
zaif,2017/09/11,売り,JPY,ZAIF,11676.7116,"","","",11688.4,"","","","","","",""
zaif,2017/09/11,買い,ZAIF,JPY,441619.4,"","","",437203.206,"","","","","","",""
zaif,2017/09/11,売り,JPY,ZAIF,67294.5381,"","","",67361.9,"","","","","","",""
zaif,2017/09/11,売り,JPY,ZAIF,358232.0094,"","","",358590.6,"","","","","","",""
zaif,2017/09/12,売り,JPY,ZAIF,379984.8514,"","","",436714,"","","","","","",""
zaif,2017/09/12,買い,ZAIF,JPY,30402.5,"","","",27027.8225,"","","","","","",""
zaif,2017/09/12,買い,ZAIF,JPY,5039.2,"","","",4479.8488,"","","","","","",""
zaif,2017/09/12,買い,ZAIF,JPY,357283.8,"","","",317625.2982,"","","","","","",""
zaif,2017/09/12,買い,ZAIF,JPY,39520,"","","",35133.28,"","","","","","",""
zaif,2017/09/12,買い,ZAIF,JPY,0.9,"","","",0.8001,"","","","","","",""
zaif,2017/09/12,売り,JPY,ZAIF,87.01,"","","",100,"","","","","","",""
zaif,2017/09/12,売り,JPY,ZAIF,4195.1142,"","","",4805.4,"","","","","","",""
zaif,2017/09/13,売り,JPY,ZAIF,48647.28,"","","",60809.1,"","","","","","",""
zaif,2017/09/13,売り,JPY,ZAIF,8421.2,"","","",10526.5,"","","","","","",""
zaif,2017/09/13,売り,JPY,ZAIF,36359.68,"","","",45449.6,"","","","","","",""
zaif,2017/09/13,売り,JPY,ZAIF,136557.28,"","","",170696.6,"","","","","","",""
zaif,2017/09/13,売り,JPY,ZAIF,0.08,"","","",0.1,"","","","","","",""
zaif,2017/09/13,売り,JPY,ZAIF,31167.28,"","","",38959.1,"","","","","","",""
zaif,2017/09/13,売り,JPY,ZAIF,84644.32,"","","",105805.4,"","","","","","",""
zaif,2017/09/13,買い,ZAIF,JPY,1347.3,"","","",1071.1035,"","","","","","",""
zaif,2017/09/13,買い,ZAIF,JPY,420259.2,"","","",334106.064,"","","","","","",""
zaif,2017/09/13,買い,ZAIF,JPY,13358.4,"","","",10619.928,"","","","","","",""
zaif,2017/09/14,買い,ZAIF,JPY,456713.2,"","","",274027.92,"","","","","","",""
zaif,2017/09/14,売り,JPY,ZAIF,274027.887,"","","",434964.9,"","","","","","",""
zaif,2017/09/14,売り,JPY,ZAIF,241144.5696,"","","",456713.2,"","","","","","",""
zaif,2017/09/15,買い,ZAIF,JPY,239595.8,"","","",96006.03706,"","","","","","",""
zaif,2017/09/15,買い,ZAIF,JPY,463739.5,"","","",241144.54,"","","","","","",""
zaif,2017/09/15,売り,JPY,ZAIF,121928.366,"","","",248833.4,"","","","","","",""
zaif,2017/09/15,売り,JPY,ZAIF,43.855,"","","",89.5,"","","","","","",""
zaif,2017/09/15,売り,JPY,ZAIF,46944.891,"","","",95805.9,"","","","","","",""
zaif,2017/09/15,売り,JPY,ZAIF,58315.243,"","","",119010.7,"","","","","","",""
zaif,2017/09/15,買い,ZAIF,JPY,327329.4,"","","",131226.3565,"","","","","","",""
zaif,2017/09/15,売り,JPY,ZAIF,17355.69,"","","",36927,"","","","","","",""
zaif,2017/09/15,売り,JPY,ZAIF,95254.336,"","","",202668.8,"","","","","","",""
zaif,2017/09/15,売り,JPY,ZAIF,65726.727,"","","",139844.1,"","","","","","",""
zaif,2017/09/15,売り,JPY,ZAIF,61100,"","","",130000,"","","","","","",""
zaif,2017/09/15,売り,JPY,ZAIF,470,"","","",1000,"","","","","","",""
zaif,2017/09/15,売り,JPY,ZAIF,17473.472,"","","",37177.6,"","","","","","",""
zaif,2017/09/15,売り,JPY,ZAIF,9074.619,"","","",19307.7,"","","","","","",""
zaif,2017/09/15,買い,ZAIF,JPY,512413.1,"","","",266454.812,"","","","","","",""
zaif,2017/09/16,買い,ZAIF,JPY,50000,"","","",35000,"","","","","","",""
zaif,2017/09/16,売り,JPY,ZAIF,14503.129,"","","",19867.3,"","","","","","",""
zaif,2017/09/16,売り,JPY,ZAIF,535.747,"","","",733.9,"","","","","","",""
zaif,2017/09/16,売り,JPY,ZAIF,16942.643,"","","",23209.1,"","","","","","",""
zaif,2017/09/16,買い,ZAIF,JPY,12602.8,"","","",8947.988,"","","","","","",""
zaif,2017/09/16,買い,ZAIF,JPY,456000,"","","",323760,"","","","","","",""
zaif,2017/09/16,買い,ZAIF,JPY,19867.3,"","","",14105.783,"","","","","","",""
zaif,2017/09/16,買い,ZAIF,JPY,733.9,"","","",521.069,"","","","","","",""
zaif,2017/09/16,買い,ZAIF,JPY,23209.1,"","","",16478.461,"","","","","","",""
zaif,2017/09/16,買い,ZAIF,JPY,15071,"","","",10248.28,"","","","","","",""
zaif,2017/09/16,売り,JPY,ZAIF,532.7245,"","","",777.7,"","","","","","",""
zaif,2017/09/16,売り,JPY,ZAIF,14210.736,"","","",20745.6,"","","","","","",""
zaif,2017/09/16,売り,JPY,ZAIF,91923.301,"","","",134194.6,"","","","","","",""
zaif,2017/09/16,売り,JPY,ZAIF,254659.847,"","","",371766.2,"","","","","","",""
zaif,2017/09/16,買い,ZAIF,JPY,296.9,"","","",201.50603,"","","","","","",""
zaif,2017/09/16,売り,JPY,ZAIF,9200.044,"","","",12602.8,"","","","","","",""
zaif,2017/09/16,買い,ZAIF,JPY,217221.4,"","","",152054.98,"","","","","","",""
zaif,2017/09/16,買い,ZAIF,JPY,105957.9,"","","",74170.53,"","","","","","",""
zaif,2017/09/16,買い,ZAIF,JPY,104700,"","","",71196,"","","","","","",""
zaif,2017/09/16,買い,ZAIF,JPY,100000,"","","",68000,"","","","","","",""
zaif,2017/09/16,買い,ZAIF,JPY,12797.3,"","","",8702.164,"","","","","","",""
zaif,2017/09/16,買い,ZAIF,JPY,18314,"","","",12453.52,"","","","","","",""
zaif,2017/09/16,買い,ZAIF,JPY,189110.6,"","","",128595.208,"","","","","","",""
zaif,2017/09/16,買い,ZAIF,JPY,106143.8,"","","",72177.784,"","","","","","",""
zaif,2017/09/16,売り,JPY,ZAIF,78676.353,"","","",114023.7,"","","","","","",""
zaif,2017/09/16,売り,JPY,ZAIF,14350.275,"","","",20797.5,"","","","","","",""
zaif,2017/09/16,売り,JPY,ZAIF,205952.58,"","","",298482,"","","","","","",""
zaif,2017/09/16,売り,JPY,ZAIF,20397.021,"","","",29560.9,"","","","","","",""
zaif,2017/09/16,売り,JPY,ZAIF,47263.965,"","","",68498.5,"","","","","","",""
zaif,2017/09/16,買い,ZAIF,JPY,541486.6,"","","",366640.5769,"","","","","","",""
zaif,2017/09/16,売り,JPY,ZAIF,351966.29,"","","",541486.6,"","","","","","",""
zaif,2017/09/16,買い,ZAIF,JPY,129629.7,"","","",90740.79,"","","","","","",""
zaif,2017/09/16,売り,JPY,ZAIF,332880,"","","",456000,"","","","","","",""
zaif,2017/09/17,売り,JPY,ZAIF,341699.8165,"","","",483309.5,"","","","","","",""
zaif,2017/09/17,売り,JPY,ZAIF,237455.8545,"","","",341663.1,"","","","","","",""
zaif,2017/09/17,売り,JPY,ZAIF,14488.4565,"","","",20846.7,"","","","","","",""
zaif,2017/09/17,売り,JPY,ZAIF,5905.554,"","","",8497.2,"","","","","","",""
zaif,2017/09/17,売り,JPY,ZAIF,6.95,"","","",10,"","","","","","",""
zaif,2017/09/17,買い,ZAIF,JPY,270617.6,"","","",186455.5264,"","","","","","",""
zaif,2017/09/17,売り,JPY,ZAIF,91595.44,"","","",131792,"","","","","","",""
zaif,2017/09/17,買い,ZAIF,JPY,236158.7,"","","",162996.7347,"","","","","","",""
zaif,2017/09/17,売り,JPY,ZAIF,6242.65168,"","","",8916.8,"","","","","","",""
zaif,2017/09/17,売り,JPY,ZAIF,233.34333,"","","",333.3,"","","","","","",""
zaif,2017/09/17,売り,JPY,ZAIF,311.12444,"","","",444.4,"","","","","","",""
zaif,2017/09/17,売り,JPY,ZAIF,388.90555,"","","",555.5,"","","","","","",""
zaif,2017/09/17,売り,JPY,ZAIF,0.07001,"","","",0.1,"","","","","","",""
zaif,2017/09/17,買い,ZAIF,JPY,8916.8,"","","",6197.176,"","","","","","",""
zaif,2017/09/17,買い,ZAIF,JPY,333.3,"","","",231.6435,"","","","","","",""
zaif,2017/09/17,買い,ZAIF,JPY,444.4,"","","",308.858,"","","","","","",""
zaif,2017/09/17,買い,ZAIF,JPY,555.5,"","","",386.0725,"","","","","","",""
zaif,2017/09/17,買い,ZAIF,JPY,0.1,"","","",0.0695,"","","","","","",""
zaif,2017/09/17,買い,ZAIF,JPY,75.4,"","","",52.31252,"","","","","","",""
zaif,2017/09/17,売り,JPY,ZAIF,101494.0827,"","","",144846.7,"","","","","","",""
zaif,2017/09/17,売り,JPY,ZAIF,0.07,"","","",0.1,"","","","","","",""
zaif,2017/09/17,買い,ZAIF,JPY,144846.7,"","","",100668.4565,"","","","","","",""
zaif,2017/09/17,買い,ZAIF,JPY,0.1,"","","",0.0695,"","","","","","",""
zaif,2017/09/17,売り,JPY,ZAIF,63962.71,"","","",91375.3,"","","","","","",""
zaif,2017/09/17,売り,JPY,ZAIF,0.7,"","","",1,"","","","","","",""
zaif,2017/09/17,売り,JPY,ZAIF,5453.7,"","","",7791,"","","","","","",""
zaif,2017/09/17,売り,JPY,ZAIF,14639.59,"","","",20913.7,"","","","","","",""
zaif,2017/09/17,売り,JPY,ZAIF,420,"","","",600,"","","","","","",""
zaif,2017/09/17,売り,JPY,ZAIF,2676.59,"","","",3823.7,"","","","","","",""
zaif,2017/09/17,売り,JPY,ZAIF,67307.1,"","","",96153,"","","","","","",""
zaif,2017/09/17,売り,JPY,ZAIF,7.7,"","","",11,"","","","","","",""
zaif,2017/09/17,売り,JPY,ZAIF,0.07,"","","",0.1,"","","","","","",""
zaif,2017/09/17,売り,JPY,ZAIF,155.4,"","","",222,"","","","","","",""
zaif,2017/09/17,売り,JPY,ZAIF,126,"","","",180,"","","","","","",""
zaif,2017/09/17,売り,JPY,ZAIF,0.7,"","","",1,"","","","","","",""
zaif,2017/09/17,売り,JPY,ZAIF,23963.87,"","","",34234.1,"","","","","","",""
zaif,2017/09/17,売り,JPY,ZAIF,0.07,"","","",0.1,"","","","","","",""
zaif,2017/09/17,売り,JPY,ZAIF,176081.99,"","","",251545.7,"","","","","","",""
zaif,2017/09/17,買い,ZAIF,JPY,258001.8,"","","",179337.0512,"","","","","","",""
zaif,2017/09/17,買い,ZAIF,JPY,130350.8,"","","",90606.84108,"","","","","","",""
zaif,2017/09/17,買い,ZAIF,JPY,8327.8,"","","",5788.65378,"","","","","","",""
zaif,2017/09/17,買い,ZAIF,JPY,35562.6,"","","",24719.56326,"","","","","","",""
zaif,2017/09/17,売り,JPY,ZAIF,293665.514,"","","",413613.4,"","","","","","",""
zaif,2017/09/17,売り,JPY,ZAIF,13227.016,"","","",18629.6,"","","","","","",""
zaif,2017/09/17,買い,ZAIF,JPY,21254.3,"","","",15728.182,"","","","","","",""
zaif,2017/09/17,買い,ZAIF,JPY,189798.7,"","","",140451.038,"","","","","","",""
zaif,2017/09/17,買い,ZAIF,JPY,7965.6,"","","",5894.544,"","","","","","",""
zaif,2017/09/17,買い,ZAIF,JPY,88094.5,"","","",65189.93,"","","","","","",""
zaif,2017/09/17,買い,ZAIF,JPY,61665.1,"","","",45632.174,"","","","","","",""
zaif,2017/09/17,買い,ZAIF,JPY,120221,"","","",88963.54,"","","","","","",""
zaif,2017/09/17,売り,JPY,ZAIF,55679.29117,"","","",76722.3,"","","","","","",""
zaif,2017/09/17,売り,JPY,ZAIF,46702.615,"","","",64417.4,"","","","","","",""
zaif,2017/09/17,売り,JPY,ZAIF,1087.5,"","","",1500,"","","","","","",""
zaif,2017/09/17,売り,JPY,ZAIF,0.0725,"","","",0.1,"","","","","","",""
zaif,2017/09/17,売り,JPY,ZAIF,5640.8625,"","","",7780.5,"","","","","","",""
zaif,2017/09/17,売り,JPY,ZAIF,37836.01,"","","",52187.6,"","","","","","",""
zaif,2017/09/17,売り,JPY,ZAIF,21788.6425,"","","",30053.3,"","","","","","",""
zaif,2017/09/17,売り,JPY,ZAIF,185845.05,"","","",256338,"","","","","","",""
zaif,2017/09/17,買い,ZAIF,JPY,429520.1,"","","",309469.2321,"","","","","","",""
zaif,2017/09/17,買い,ZAIF,JPY,16537.7,"","","",11915.41285,"","","","","","",""
zaif,2017/09/17,買い,ZAIF,JPY,45918.3,"","","",33084.13515,"","","","","","",""
zaif,2017/09/17,売り,JPY,ZAIF,6127.2155,"","","",8666.5,"","","","","","",""
zaif,2017/09/17,売り,JPY,ZAIF,0.0707,"","","",0.1,"","","","","","",""
zaif,2017/09/18,売り,JPY,ZAIF,186522.2502,"","","",217391.9,"","","","","","",""
zaif,2017/09/18,買い,ZAIF,JPY,258624.9,"","","",206899.92,"","","","","","",""
zaif,2017/09/18,買い,ZAIF,JPY,176159,"","","",140927.2,"","","","","","",""
zaif,2017/09/18,買い,ZAIF,JPY,205744.9,"","","",175294.6548,"","","","","","",""
zaif,2017/09/18,買い,ZAIF,JPY,13177.9,"","","",11227.5708,"","","","","","",""
zaif,2017/09/21,売り,JPY,ZAIF,692.153,"","","",777.7,"","","","","","",""
zaif,2017/09/21,売り,JPY,ZAIF,18358.742,"","","",20627.8,"","","","","","",""
zaif,2017/09/21,売り,JPY,ZAIF,692.153,"","","",777.7,"","","","","","",""
zaif,2017/09/21,買い,ZAIF,JPY,129440.1,"","","",116496.09,"","","","","","",""
zaif,2017/09/21,売り,JPY,ZAIF,96752.968,"","","",108711.2,"","","","","","",""
zaif,2017/09/25,買い,PEPECASH,JPY,9.8763,"","","",11.21058813,"","","","","","",""
zaif,2017/09/25,売り,JPY,ZAIF,6.5340275,"","","",7,"","","","","","",""
zaif,2017/09/25,売り,JPY,ZAIF,0.09334325,"","","",0.1,"","","","","","",""
zaif,2017/09/25,売り,JPY,ZAIF,45.419374,"","","",49,"","","","","","",""
zaif,2017/09/25,売り,JPY,ZAIF,4.57381925,"","","",4.9,"","","","","","",""
zaif,2017/09/25,買い,XEM,JPY,1,"","","",24.631,"","","","","","",""
zaif,2017/09/25,売り,JPY,ZAIF,0.46671625,"","","",0.5,"","","","","","",""
zaif,2017/09/25,売り,JPY,ZAIF,24.243219,"","","",26,"","","","","","",""
zaif,2017/09/25,買い,CICC,JPY,5.037,"","","",45.333,"","","","","","",""
zaif,2017/09/28,売り,JPY,PEPECASH,12.83789,"","","",9.8753,"","","","","","",""
zaif,2017/09/29,買い,ZAIF,JPY,13.9,"","","",12.788,"","","","","","",""
zaif,2017/10/02,買い,ZAIF,JPY,252970,"","","",202376,"","","","","","",""
zaif,2017/10/02,買い,ZAIF,JPY,10345.9,"","","",7759.425,"","","","","","",""
zaif,2017/10/02,買い,ZAIF,JPY,20000,"","","",15000,"","","","","","",""
zaif,2017/10/02,買い,ZAIF,JPY,93017.1,"","","",69762.825,"","","","","","",""
zaif,2017/10/02,売り,JPY,ZAIF,174132.1969,"","","",434786.9,"","","","","","",""
zaif,2017/10/02,買い,ZAIF,JPY,157.8,"","","",118.35,"","","","","","",""
zaif,2017/10/02,買い,ZAIF,JPY,50000,"","","",37500,"","","","","","",""
zaif,2017/10/02,買い,ZAIF,JPY,58160.7,"","","",43620.525,"","","","","","",""
zaif,2017/10/02,売り,JPY,ZAIF,185345.2,"","","",231681.5,"","","","","","",""
zaif,2017/10/02,買い,ZAIF,JPY,231710.5,"","","",185368.4,"","","","","","",""
zaif,2017/10/02,売り,JPY,ZAIF,72167.5846,"","","",80275.4,"","","","","","",""
zaif,2017/10/02,売り,JPY,ZAIF,8990,"","","",10000,"","","","","","",""
zaif,2017/10/02,売り,JPY,ZAIF,152.7401,"","","",169.9,"","","","","","",""
zaif,2017/10/02,買い,ZAIF,JPY,47273.4,"","","",40655.124,"","","","","","",""
zaif,2017/10/02,買い,ZAIF,JPY,47829.6,"","","",40655.16,"","","","","","",""
zaif,2017/10/02,売り,JPY,ZAIF,122457.3445,"","","",145810.5,"","","","","","",""
zaif,2017/10/02,売り,JPY,ZAIF,75977.9103,"","","",90557.7,"","","","","","",""
zaif,2017/10/02,買い,ZAIF,JPY,246199.5,"","","",198190.5975,"","","","","","",""
zaif,2017/10/02,売り,JPY,ZAIF,200781.8844,"","","",244260.2,"","","","","","",""
zaif,2017/10/02,売り,JPY,ZAIF,1594.1046,"","","",1939.3,"","","","","","",""
zaif,2017/10/02,買い,ETH,JPY,0.01,"","","",349.75001,"","","","","","",""
zaif,2017/10/02,買い,ZAIF,JPY,2905.1,"","","",2225.3066,"","","","","","",""
zaif,2017/10/02,売り,JPY,ZAIF,513.744,"","","",667.2,"","","","","","",""
zaif,2017/10/02,売り,JPY,ZAIF,1723.183,"","","",2237.9,"","","","","","",""
zaif,2017/10/02,売り,JPY,ETH,346.8960495,"","","",0.0099,"","","","","","",""
zaif,2017/10/02,買い,MONA,JPY,45,"","","",2569.5,"","","","","","",""
zaif,2017/10/02,売り,JPY,ZAIF,212494.8,"","","",252970,"","","","","","",""
zaif,2017/10/02,買い,ETH,JPY,2,"","","",69220,"","","","","","",""
zaif,2017/10/02,買い,ETH,JPY,0.01,"","","",349.75001,"","","","","","",""
zaif,2017/10/03,売り,BTC,CICC,0.00005511,"","","",5,"","","","","","",""
zaif,2017/10/03,売り,BTC,MONA,0.00010957,"","","",1,"","","","","","",""
zaif,2017/10/03,売り,BTC,MONA,0.00482108,"","","",44,"","","","","","",""
zaif,2017/10/03,売り,BTC,XEM,0.00005287,"","","",1,"","","","","","",""
zaif,2017/10/03,売り,BTC,ZAIF,0.00002563,"","","",16,"","","","","","",""
zaif,2017/10/03,買い,ZAIF,JPY,16.8,"","","",13.60968,"","","","","","",""
zaif,2017/10/12,買い,MONA,JPY,40,"","","",10000,"","","","","","",""
zaif,2017/10/12,買い,XEM,JPY,400,"","","",9540.08,"","","","","","",""
zaif,2017/10/12,売り,JPY,MONA,10040,"","","",40,"","","","","","",""
zaif,2017/10/12,売り,JPY,ZAIF,0.396396,"","","",0.8,"","","","","","",""
zaif,2017/10/12,買い,XEM,JPY,400,"","","",9280,"","","","","","",""
bitFlyer,2017/10/12,買い,ETC,JPY,0.07,"","","",96,"","","","","","",""
zaif,2017/10/13,売り,JPY,PEPECASH,46.3296625,"","","",7.8517,"","","","","","",""
zaif,2017/10/13,買い,MONA,JPY,3,"","","",1236,"","","","","","",""
zaif,2017/10/13,買い,ZAIF,BTC,72,"","","",0.00006552,"","","","","","",""
zaif,2017/10/13,買い,PEPECASH,JPY,7.8525,"","","",47.11578525,"","","","","","",""
zaif,2017/10/13,買い,ZAIF,JPY,81.9,"","","",46.10151,"","","","","","",""
zaif,2017/10/13,売り,JPY,XEM,11.586575,"","","",0.5,"","","","","","",""
zaif,2017/10/13,買い,BTC,JPY,0.05,"","","",29950,"","","","","","",""
bittrex,2017/10/15,買い,ZEC,BTC,1.17,"","","",0.0483562,"","","","","","",""
zaif,2017/10/16,買い,BTC,JPY,0.0594,"","","",41000,"","","","","","",""
zaif,2017/10/16,買い,ETH,BTC,0.9611,"","","",0.05939598,"","","","","","",""
zaif,2017/10/17,売り,BTC,ETH,0.02905,"","","",0.5,"","","","","","",""
zaif,2017/10/18,買い,ETH,JPY,1.0078,"","","",34164.42,"","","","","","",""
zaif,2017/10/18,買い,ZAIF,JPY,5.9,"","","",3.18364,"","","","","","",""
zaif,2017/10/18,買い,ETH,BTC,0.116,"","","",0.0065308,"","","","","","",""
zaif,2017/10/18,買い,ETH,BTC,0.1,"","","",0.00563,"","","","","","",""
zaif,2017/10/18,買い,ETH,BTC,0.1,"","","",0.00563,"","","","","","",""
zaif,2017/10/18,買い,ETH,BTC,0.1,"","","",0.00563,"","","","","","",""
zaif,2017/10/18,買い,ETH,BTC,0.1,"","","",0.00563,"","","","","","",""
zaif,2017/10/18,買い,ETH,JPY,0.1,"","","",3362,"","","","","","",""
zaif,2017/10/18,買い,ZAIF,BTC,3,"","","",0.00000261,"","","","","","",""
zaif,2017/10/18,買い,ETH,JPY,0.2,"","","",6730,"","","","","","",""
zaif,2017/10/18,買い,ETH,JPY,0.049,"","","",1665.265049,"","","","","","",""
zaif,2017/10/19,売り,JPY,ZAIF,84.1702862,"","","",162.8,"","","","","","",""
zaif,2017/10/19,買い,PEPECASH,JPY,0.01,"","","",0.02599,"","","","","","",""
zaif,2017/10/19,買い,PEPECASH,JPY,0.6,"","","",1.5594,"","","","","","",""
zaif,2017/10/19,買い,XEM,JPY,0.1,"","","",2.5811,"","","","","","",""
zaif,2017/10/19,買い,MONA,JPY,27,"","","",7560,"","","","","","",""
zaif,2017/10/19,売り,JPY,MONA,313.1,"","","",1,"","","","","","",""
zaif,2017/10/19,売り,JPY,MONA,313.1,"","","",1,"","","","","","",""
zaif,2017/10/19,売り,JPY,MONA,313.1,"","","",1,"","","","","","",""
zaif,2017/10/19,売り,JPY,MONA,8453.7,"","","",27,"","","","","","",""
zaif,2017/10/19,買い,XEM,JPY,372,"","","",9634.6884,"","","","","","",""
zaif,2017/10/19,買い,XEM,JPY,500,"","","",12940.5,"","","","","","",""
zaif,2017/10/19,買い,XEM,JPY,4,"","","",103.564,"","","","","","",""
zaif,2017/10/19,買い,XEM,JPY,128,"","","",3313.8944,"","","","","","",""
zaif,2017/10/19,売り,JPY,CICC,0.47555508,"","","",0.037,"","","","","","",""
zaif,2017/10/20,買い,ZAIF,JPY,2.5,"","","",1.5,"","","","","","",""
zaif,2017/10/21,売り,JPY,ZAIF,3.168,"","","",6,"","","","","","",""
zaif,2017/10/21,売り,JPY,ZAIF,2.7984,"","","",5.3,"","","","","","",""
zaif,2017/10/21,売り,JPY,ZAIF,9662.752499,"","","",18351.9,"","","","","","",""
zaif,2017/10/21,売り,JPY,PEPECASH,1.70795177,"","","",0.6099,"","","","","","",""
zaif,2017/10/21,買い,ZAIF,JPY,19183.5,"","","",10013.787,"","","","","","",""
zaif,2017/10/21,買い,ZAIF,JPY,19047.6,"","","",9999.99,"","","","","","",""
zaif,2017/10/21,売り,JPY,ZAIF,2.64264,"","","",5,"","","","","","",""
zaif,2017/10/21,売り,JPY,ZAIF,4.3296,"","","",8.2,"","","","","","",""
zaif,2017/10/21,売り,JPY,ZAIF,4.0128,"","","",7.6,"","","","","","",""
zaif,2017/10/21,売り,JPY,ZAIF,6.864,"","","",13,"","","","","","",""
zaif,2017/10/21,売り,JPY,ZAIF,6.0192,"","","",11.4,"","","","","","",""
zaif,2017/10/21,売り,JPY,ZAIF,7.1808,"","","",13.6,"","","","","","",""
zaif,2017/10/21,売り,JPY,ZAIF,6.9696,"","","",13.2,"","","","","","",""
zaif,2017/10/21,売り,JPY,ZAIF,319.44,"","","",605,"","","","","","",""
zaif,2017/10/21,売り,JPY,ZAIF,1.1616,"","","",2.2,"","","","","","",""
zaif,2017/10/21,売り,JPY,ZAIF,4.0656,"","","",7.7,"","","","","","",""
zaif,2017/10/24,売り,JPY,XEM,11750,"","","",500,"","","","","","",""
zaif,2017/10/24,売り,JPY,ZAIF,9735.760535,"","","",19183.5,"","","","","","",""
zaif,2017/10/25,買い,BCH,JPY,0.2,"","","",7460,"","","","","","",""
zaif,2017/10/25,買い,ETH,JPY,0.02,"","","",667.90002,"","","","","","",""
zaif,2017/10/25,買い,ETH,JPY,0.1,"","","",3339.5001,"","","","","","",""
zaif,2017/10/25,買い,ETH,JPY,0.1,"","","",3300,"","","","","","",""
zaif,2017/10/25,買い,ETH,JPY,0.1,"","","",3330,"","","","","","",""
zaif,2017/10/25,買い,ETH,JPY,0.1,"","","",3360,"","","","","","",""
zaif,2017/10/29,買い,BCH,JPY,0.0937,"","","",5387.75,"","","","","","",""
zaif,2017/10/29,買い,BCH,JPY,0.1063,"","","",6112.25,"","","","","","",""
zaif,2017/10/29,売り,JPY,BCH,11500,"","","",0.2,"","","","","","",""
zaif,2017/11/02,買い,ETH,JPY,0.0111,"","","",358.2525,"","","","","","",""
zaif,2017/11/02,買い,ETH,JPY,0.2,"","","",6540,"","","","","","",""
zaif,2017/11/02,買い,XEM,JPY,500,"","","",9750,"","","","","","",""
bittrex,2017/11/02,売り,BTC,ETH,0.02898147,"","","",0.699,"","","","","","",""
bittrex,2017/11/02,買い,LSK,BTC,10,"","","",0.0061099,"","","","","","",""
bittrex,2017/11/02,買い,ADA,BTC,1000,"","","",0.00339,"","","","","","",""
bittrex,2017/11/02,買い,ARDR,BTC,500,"","","",0.013135,"","","","","","",""
bittrex,2017/11/02,買い,ETC,BTC,4,"","","",0.00564879,"","","","","","",""
bittrex,2017/11/02,売り,BTC,ETH,0.00371137,"","","",0.09136306,"","","","","","",""
bittrex,2017/11/02,売り,BTC,ETH,0.04051,"","","",1,"","","","","","",""
bittrex,2017/11/02,買い,LSK,BTC,10,"","","",0.0057486,"","","","","","",""
zaif,2017/11/03,売り,JPY,XEM,17936.46855,"","","",918.9,"","","","","","",""
bittrex,2017/11/03,買い,BCC,BTC,0.43867154,"","","",0.03932688,"","","","","","",""
zaif,2017/11/03,買い,BCH,BTC,0.1464,"","","",0.0137616,"","","","","","",""
zaif,2017/11/03,売り,JPY,XEM,1.9520501,"","","",0.1,"","","","","","",""
zaif,2017/11/03,買い,BCH,JPY,0.0641,"","","",4826.4095,"","","","","","",""
zaif,2017/11/03,売り,BTC,XEM,0.020015,"","","",860,"","","","","","",""
zaif,2017/11/03,買い,BCH,BTC,0.0731,"","","",0.0068714,"","","","","","",""
zaif,2017/11/03,買い,BCH,JPY,0.2245,"","","",16903.72817,"","","","","","",""
zaif,2017/11/03,売り,JPY,XEM,470.41995,"","","",24.1,"","","","","","",""
bittrex,2017/11/10,売り,ETH,BCC,1.00894454,"","","",0.43867154,"","","","","","",""
bittrex,2017/11/10,売り,BTC,LSK,0.01714,"","","",20,"","","","","","",""
bittrex,2017/11/10,売り,BTC,ZEC,0.04161687,"","","",1.16,"","","","","","",""
bittrex,2017/11/10,買い,BCC,BTC,0.48772934,"","","",0.06950143,"","","","","","",""
bittrex,2017/11/10,売り,BTC,ARDR,0.00232557,"","","",73.36194873,"","","","","","",""
bittrex,2017/11/10,売り,ETH,ZEC,0.00826757,"","","",0.01,"","","","","","",""
bittrex,2017/11/10,売り,BTC,ETC,0.00876752,"","","",4,"","","","","","",""
zaif,2017/11/11,買い,ZAIF,BTC,2,"","","",0.0000012,"","","","","","",""
bittrex,2017/11/11,買い,BCC,BTC,0.02234906,"","","",0.00419902,"","","","","","",""
bittrex,2017/11/11,売り,BTC,ADA,0.00422,"","","",1000,"","","","","","",""
bittrex,2017/11/11,買い,BCC,BTC,0.07070551,"","","",0.01399898,"","","","","","",""
bittrex,2017/11/11,売り,BTC,ARDR,0.01406879,"","","",426.6380513,"","","","","","",""
zaif,2017/11/11,売り,JPY,ZAIF,0.86086,"","","",2,"","","","","","",""
coinexchange,2017/11/14,買い,ALIS,ETH,52.8296639,"","","",0.09893966,"","","","","","",""
coinexchange,2017/11/14,買い,ALIS,ETH,148.2398548,"","","",0.27762434,"","","","","","",""
coinexchange,2017/11/14,買い,ALIS,ETH,277.0554476,"","","",0.51609611,"","","","","","",""
coinexchange,2017/11/14,買い,ALIS,ETH,1.99689488,"","","",0.00371979,"","","","","","",""
coinexchange,2017/11/14,買い,ALIS,ETH,65.45661493,"","","",0.12193192,"","","","","","",""
bittrex,2017/11/14,売り,ETH,BCC,1.0125,"","","",0.25,"","","","","","",""
bittrex,2017/11/16,売り,BTC,WAVES,0.04603211,"","","",73.9834946,"","","","","","",""
coinexchange,2017/11/16,売り,ETH,ALIS,0.7596897,"","","",330.7960641,"","","","","","",""
bittrex,2017/11/16,売り,BTC,ETH,0.05485623,"","","",1.24250815,"","","","","","",""
bittrex,2017/11/16,買い,WAVES,BTC,73.9834946,"","","",0.05167303,"","","","","","",""
bittrex,2017/11/16,売り,BTC,BCC,0.05193307,"","","",0.33078391,"","","","","","",""
coinexchange,2017/11/16,売り,ETH,ALIS,0.49325855,"","","",214.782412,"","","","","","",""
bittrex,2017/11/16,買い,LSK,BTC,43.66668768,"","","",0.05458335,"","","","","","",""
bittrex,2017/11/16,売り,BTC,LSK,0.05458335,"","","",43.66668768,"","","","","","",""
bittrex,2017/11/16,売り,BTC,BCC,0.09342457,"","","",0.705768,"","","","","","",""
bittrex,2017/11/17,買い,BCC,BTC,1.35214798,"","","",0.19307144,"","","","","","",""
coinexchange,2017/11/19,売り,BTC,ETH,0.06226215,"","","",1.34089577,"","","","","","",""
coinexchange,2017/11/19,売り,BTC,ETH,0.09700656,"","","",2.08916183,"","","","","","",""
coinexchange,2017/11/19,売り,BTC,ETH,0.00044646,"","","",0.00961509,"","","","","","",""
coinexchange,2017/11/19,売り,BTC,ETH,0.05690908,"","","",1.2256106,"","","","","","",""
coinexchange,2017/11/19,売り,BTC,ETH,0.00015304,"","","",0.00329591,"","","","","","",""
coinexchange,2017/11/19,売り,BTC,ETH,0.0003872,"","","",0.00833879,"","","","","","",""
coinexchange,2017/11/19,売り,BTC,ETH,0.00497494,"","","",0.10714171,"","","","","","",""
bittrex,2017/11/19,買い,BCC,BTC,1.44175045,"","","",0.2205878,"","","","","","",""
zaif,2017/11/19,買い,ETH,JPY,1.2306,"","","",48362.58123,"","","","","","",""
zaif,2017/11/19,買い,ETH,JPY,2.4371,"","","",95778.03244,"","","","","","",""
zaif,2017/11/19,買い,ETH,JPY,1,"","","",39300.001,"","","","","","",""
zaif,2017/11/19,買い,ETH,JPY,0.0001,"","","",3.9200001,"","","","","","",""
zaif,2017/11/19,買い,ETH,JPY,0.1315,"","","",5154.800132,"","","","","","",""
zaif,2017/11/19,売り,JPY,BCH,74972.91551,"","","",0.5339,"","","","","","",""
zaif,2017/11/19,売り,JPY,BCH,42129.009,"","","",0.3,"","","","","","",""
zaif,2017/11/19,売り,JPY,BCH,7021.5015,"","","",0.05,"","","","","","",""
zaif,2017/11/19,売り,JPY,BCH,65608.91002,"","","",0.4672,"","","","","","",""
zaif,2017/11/21,買い,BCH,JPY,1.4266,"","","",189744.933,"","","","","","",""
zaif,2017/11/21,売り,JPY,BCH,190887.4194,"","","",1.4407,"","","","","","",""
zaif,2017/11/22,買い,BCH,JPY,0.3715,"","","",52010,"","","","","","",""
zaif,2017/11/22,買い,BCH,JPY,0.0485,"","","",6790,"","","","","","",""
zaif,2017/11/22,売り,JPY,BCH,58800,"","","",0.42,"","","","","","",""
zaif,2017/11/23,買い,BTC,JPY,0.0537,"","","",48461.565,"","","","","","",""
bittrex,2017/11/23,買い,LSK,BTC,75.93351414,"","","",0.07601096,"","","","","","",""
zaif,2017/11/23,買い,BTC,JPY,0.023,"","","",20757.04,"","","","","","",""
zaif,2017/11/23,売り,JPY,BCH,17417.5965,"","","",0.1,"","","","","","",""
zaif,2017/11/23,売り,JPY,BCH,52266.33,"","","",0.3,"","","","","","",""
bittrex,2017/11/24,買い,ZEC,BTC,1.04700853,"","","",0.0385299,"","","","","","",""
bittrex,2017/11/24,売り,BTC,LSK,0.03450336,"","","",35.93351414,"","","","","","",""
bittrex,2017/11/24,買い,ZEC,BTC,0.93291675,"","","",0.03433133,"","","","","","",""
bittrex,2017/11/24,売り,USDT,BTG,0.19479515,"","","",0.00052294,"","","","","","",""
zaif,2017/11/24,売り,JPY,ETH,56730.8742,"","","",1.2188,"","","","","","",""
zaif,2017/11/24,買い,BCH,JPY,0.2279,"","","",41931.32168,"","","","","","",""
zaif,2017/11/24,買い,BCH,JPY,0.0798,"","","",14682.40224,"","","","","","",""
zaif,2017/11/24,売り,JPY,ZAIF,59.93988,"","","",120,"","","","","","",""
zaif,2017/11/24,買い,BCH,JPY,0.0003,"","","",55.0800009,"","","","","","",""
zaif,2017/11/24,買い,ZAIF,JPY,120,"","","",53.64,"","","","","","",""
zaif,2017/11/24,買い,ETH,JPY,1.2201,"","","",55850.07872,"","","","","","",""
zaif,2017/11/24,売り,JPY,BCH,31235.82118,"","","",0.1668,"","","","","","",""
zaif,2017/11/24,売り,JPY,BCH,22269.39987,"","","",0.1189,"","","","","","",""
zaif,2017/11/24,売り,JPY,BCH,711.77895,"","","",0.0038,"","","","","","",""
zaif,2017/11/24,売り,JPY,BCH,1967.2842,"","","",0.0105,"","","","","","",""
bittrex,2017/11/24,売り,BTC,LSK,0.03872279,"","","",40,"","","","","","",""
bittrex,2017/11/28,買い,ETC,ETH,1.4,"","","",0.08656481,"","","","","","",""
bittrex,2017/11/28,買い,ETC,ETH,54.90799932,"","","",3.63491668,"","","","","","",""
bittrex,2017/11/28,売り,ETH,ETC,2.6308495,"","","",38.91994173,"","","","","","",""
bittrex,2017/11/28,買い,ETC,ETH,16.54790332,"","","",0.99701365,"","","","","","",""
bittrex,2017/11/28,買い,ETC,ETH,20.97203841,"","","",1.29673951,"","","","","","",""
bittrex,2017/11/28,売り,ETH,BCC,3.41455951,"","","",1.03277443,"","","","","","",""
bittrex,2017/11/29,買い,ZEC,USDT,0.99831775,"","","",358.3960723,"","","","","","",""
bittrex,2017/11/29,買い,BTG,USDT,0.00000685,"","","",0.00223907,"","","","","","",""
bittrex,2017/11/29,売り,USDT,ETC,366.6,"","","",12,"","","","","","",""
bittrex,2017/11/29,買い,ZEC,USDT,1.04518422,"","","",364.7692928,"","","","","","",""
bittrex,2017/11/29,買い,BTG,USDT,0.00000817,"","","",0.002626,"","","","","","",""
bittrex,2017/11/29,買い,BTG,USDT,0.00002703,"","","",0.00908208,"","","","","","",""
bittrex,2017/11/29,買い,XRP,USDT,5433.666377,"","","",1457.614368,"","","","","","",""
bittrex,2017/11/29,売り,USDT,ZEC,1464.929862,"","","",4.02342725,"","","","","","",""
bittrex,2017/11/29,買い,XRP,USDT,1576.467918,"","","",420.1799353,"","","","","","",""
bittrex,2017/11/29,売り,USDT,ETC,422.2857422,"","","",14.59549281,"","","","","","",""
bittrex,2017/11/29,売り,USDT,ETC,479.5876914,"","","",16.31250651,"","","","","","",""
bittrex,2017/11/29,買い,XRP,USDT,1786.812311,"","","",477.1950297,"","","","","","",""
bittrex,2017/11/29,売り,USDT,ETC,360,"","","",12,"","","","","","",""
bittrex,2017/11/30,売り,BTC,XRP,0.21367783,"","","",8796.946605,"","","","","","",""
bittrex,2017/11/30,買い,LSK,BTC,290.6705999,"","","",0.21261101,"","","","","","",""
bittrex,2017/12/01,買い,ADA,BTC,18030.86294,"","","",0.21402634,"","","","","","",""
bittrex,2017/12/01,売り,BTC,ADA,0.10024999,"","","",8271.452145,"","","","","","",""
bittrex,2017/12/01,買い,ZEC,BTC,1.02551203,"","","",0.03117553,"","","","","","",""
bittrex,2017/12/01,売り,BTC,ADA,0.0310805,"","","",2555.715461,"","","","","","",""
bittrex,2017/12/01,買い,XRP,USDT,1321.870665,"","","",319.3638337,"","","","","","",""
bittrex,2017/12/01,売り,BTC,LSK,0.21509915,"","","",290.6705999,"","","","","","",""
bittrex,2017/12/01,売り,USDT,ZEC,321.4980214,"","","",1.02551203,"","","","","","",""
bittrex,2017/12/01,買い,XRP,BTC,3796.669075,"","","",0.08885329,"","","","","","",""
bittrex,2017/12/01,売り,BTC,ADA,0.08932582,"","","",7203.695337,"","","","","","",""
bittrex,2017/12/02,売り,BTC,ADA,0.06174999,"","","",5000,"","","","","","",""
bittrex,2017/12/02,買い,ADA,BTC,9331.066713,"","","",0.11477212,"","","","","","",""
bittrex,2017/12/02,売り,BTC,XRP,0.11532069,"","","",5118.53974,"","","","","","",""
bittrex,2017/12/02,買い,ARDR,BTC,1708.225128,"","","",0.0667916,"","","","","","",""
bittrex,2017/12/02,売り,BTC,ARDR,0.06712651,"","","",1709.358695,"","","","","","",""
bittrex,2017/12/02,買い,ARDR,BTC,1275.246607,"","","",0.04585786,"","","","","","",""
bittrex,2017/12/02,買い,ARDR,BTC,434.1120879,"","","",0.01558461,"","","","","","",""
bittrex,2017/12/03,売り,BTC,ADA,0.05097665,"","","",4331.066713,"","","","","","",""
bittrex,2017/12/03,売り,BTC,ARDR,0.06844906,"","","",1708.225128,"","","","","","",""
bittrex,2017/12/03,買い,BCC,BTC,0.86553849,"","","",0.11882111,"","","","","","",""
bittrex,2017/12/04,売り,BTC,BCC,0.1171402,"","","",0.88009169,"","","","","","",""
zaif,2017/12/04,買い,BCH,JPY,0.0156,"","","",2698.800047,"","","","","","",""
zaif,2017/12/04,売り,JPY,ERC20.CMS,2699.092,"","","",24.5372,"","","","","","",""
bittrex,2017/12/05,買い,MTL,BTC,200.9700489,"","","",0.11656462,"","","","","","",""
bittrex,2017/12/05,売り,BTC,MTL,0.11141681,"","","",200.9700489,"","","","","","",""
bittrex,2017/12/05,買い,BCC,BTC,0.88617351,"","","",0.11086118,"","","","","","",""
bittrex,2017/12/05,売り,BTC,BCC,0.10831008,"","","",0.88617351,"","","","","","",""
ccex,2017/12/06,買い,XVGCT,BTC,6283.879995,"","","",0.10704004,"","","","","","",""
zaif,2017/12/08,買い,ZAIF,JPY,16.8,"","","",15.79032,"","","","","","",""
zaif,2017/12/08,売り,JPY,PEPECASH,15.63893928,"","","",0.6154,"","","","","","",""
zaif,2017/12/08,売り,JPY,PEPECASH,0.02340225,"","","",0.0009,"","","","","","",""
zaif,2017/12/08,買い,PEPECASH,JPY,0.6163,"","","",10.47716163,"","","","","","",""
coincheck,2017/12/08,買い,LSK,JPY,100.28,"","","",100000,"","","","","","",""
zaif,2017/12/11,買い,XEM,JPY,25.0244,"","","",1244.488436,"","","","","","",""
zaif,2017/12/11,買い,ETH,JPY,0.1728,"","","",9296.640173,"","","","","","",""
zaif,2017/12/11,売り,JPY,XEM,3882.81894,"","","",78,"","","","","","",""
zaif,2017/12/11,買い,XEM,JPY,24.9995,"","","",1243.250135,"","","","","","",""
zaif,2017/12/11,買い,XEM,JPY,25.0119,"","","",1243.866799,"","","","","","",""
bittrex,2017/12/11,売り,BTC,XVG,0.00417016,"","","",8019.542857,"","","","","","",""
ccex,2017/12/11,買い,ZNY,BTC,8019.642857,"","","",0.0045,"","","","","","",""
zaif,2017/12/11,買い,BTC,JPY,0.0014,"","","",3000,"","","","","","",""
zaif,2017/12/11,売り,JPY,ETH,539,"","","",0.01,"","","","","","",""
zaif,2017/12/11,売り,JPY,ETH,7772.593329,"","","",0.1441,"","","","","","",""
zaif,2017/12/11,買い,BTC,JPY,0.0048,"","","",9241.968,"","","","","","",""
zaif,2017/12/11,買い,ZAIF,JPY,50.6,"","","",60.72,"","","","","","",""
zaif,2017/12/11,買い,BTC,JPY,0.0102,"","","",19816.611,"","","","","","",""
zaif,2017/12/11,売り,JPY,ZAIF,19.4570376,"","","",16.8,"","","","","","",""
zaif,2017/12/11,買い,BTC,JPY,0.0001,"","","",192.208,"","","","","","",""
zaif,2017/12/11,買い,ZAIF,BTC,8153,"","","",0.00529945,"","","","","","",""
zaif,2017/12/11,売り,JPY,ZAIF,0.58002945,"","","",0.5,"","","","","","",""
zaif,2017/12/11,売り,JPY,ZAIF,1.27452325,"","","",1.1,"","","","","","",""
zaif,2017/12/11,売り,JPY,ZAIF,9433.257374,"","","",8151.4,"","","","","","",""
zaif,2017/12/11,買い,PEPECASH,JPY,301.7833,"","","",4182.68636,"","","","","","",""
zaif,2017/12/11,買い,PEPECASH,JPY,378.3737,"","","",5244.259482,"","","","","","",""
zaif,2017/12/11,売り,JPY,PEPECASH,137.0197006,"","","",10,"","","","","","",""
zaif,2017/12/11,売り,JPY,PEPECASH,9181.404014,"","","",670.0889,"","","","","","",""
zaif,2017/12/11,買い,XEM,JPY,3.1834,"","","",158.3136654,"","","","","","",""
zaif,2017/12/11,売り,JPY,ETH,1003.54254,"","","",0.0186,"","","","","","",""
zaif,2017/12/12,買い,MOSAIC.CMS,JPY,107.1497,"","","",18033.40166,"","","","","","",""
zaif,2017/12/12,売り,JPY,XEM,114.7146,"","","",2,"","","","","","",""
zaif,2017/12/12,売り,JPY,XEM,5.75575,"","","",0.1,"","","","","","",""
zaif,2017/12/12,売り,JPY,BTC,19216.95,"","","",0.01,"","","","","","",""
zaif,2017/12/12,買い,MOSAIC.CMS,JPY,79.457,"","","",15255.82346,"","","","","","",""
zaif,2017/12/12,買い,MOSAIC.CMS,JPY,21.2956,"","","",4088.7552,"","","","","","",""
zaif,2017/12/12,売り,JPY,MOSAIC.CMS,11250,"","","",50,"","","","","","",""
zaif,2017/12/12,売り,JPY,MOSAIC.CMS,11401.4475,"","","",50.6731,"","","","","","",""
zaif,2017/12/12,買い,ZAIF,JPY,16850.5,"","","",21063.125,"","","","","","",""
zaif,2017/12/12,買い,ZAIF,JPY,1270.6,"","","",1588.25,"","","","","","",""
zaif,2017/12/12,買い,ZAIF,JPY,4.8,"","","",6.47952,"","","","","","",""
zaif,2017/12/12,売り,JPY,BTC,8144.115,"","","",0.0042,"","","","","","",""
zaif,2017/12/12,売り,JPY,BTC,9889.0785,"","","",0.0051,"","","","","","",""
zaif,2017/12/12,売り,JPY,ZAIF,77.1939168,"","","",55.4,"","","","","","",""
zaif,2017/12/12,買い,XEM,JPY,1,"","","",56.7041,"","","","","","",""
zaif,2017/12/12,売り,JPY,MOSAIC.CMS,19481.735,"","","",107.0425,"","","","","","",""
zaif,2017/12/12,買い,BTC,JPY,0.01,"","","",19438.3,"","","","","","",""
zaif,2017/12/12,買い,XEM,JPY,1,"","","",56.451,"","","","","","",""
zaif,2017/12/13,売り,JPY,ZAIF,6.3985,"","","",5,"","","","","","",""
cryptopia,2017/12/13,買い,SXC,BTC,1014.355904,"","","",0.004352,"","","","","","",""
zaif,2017/12/13,売り,JPY,ZAIF,0.25107082,"","","",0.2,"","","","","","",""
zaif,2017/12/13,売り,JPY,ZAIF,9791.510909,"","","",7799.8,"","","","","","",""
zaif,2017/12/13,買い,ZAIF,JPY,141.9,"","","",177.98517,"","","","","","",""
zaif,2017/12/13,買い,BTC,JPY,0.0048,"","","",9417.648,"","","","","","",""
zaif,2017/12/13,買い,ZAIF,JPY,140.7,"","","",176.56443,"","","","","","",""
zaif,2017/12/13,売り,JPY,ZAIF,2560.550322,"","","",1998.9,"","","","","","",""
zaif,2017/12/13,売り,JPY,ZAIF,2559.4,"","","",2000,"","","","","","",""
zaif,2017/12/13,売り,JPY,ZAIF,12.797,"","","",10,"","","","","","",""
zaif,2017/12/13,売り,JPY,ZAIF,767.82,"","","",600,"","","","","","",""
zaif,2017/12/13,買い,ZAIF,JPY,122.2,"","","",161.29178,"","","","","","",""
zaif,2017/12/13,買い,BTC,JPY,0.0071,"","","",13568.242,"","","","","","",""
zaif,2017/12/13,売り,JPY,MOSAIC.CMS,13736.41629,"","","",44.5542,"","","","","","",""
zaif,2017/12/13,買い,MOSAIC.CMS,JPY,25.8829,"","","",7765.154712,"","","","","","",""
zaif,2017/12/13,買い,MOSAIC.CMS,JPY,18.7159,"","","",5801.947716,"","","","","","",""
zaif,2017/12/13,売り,JPY,ZAIF,7665.14706,"","","",5989.8,"","","","","","",""
zaif,2017/12/14,売り,JPY,PEPECASH,4042.875372,"","","",349.9975,"","","","","","",""
zaif,2017/12/14,買い,PEPECASH,JPY,566.3986,"","","",6332.109789,"","","","","","",""
zaif,2017/12/14,売り,JPY,BTC,13470.049,"","","",0.0071,"","","","","","",""
zaif,2017/12/14,買い,BTC,JPY,0.0071,"","","",13471.114,"","","","","","",""
zaif,2017/12/14,売り,JPY,XEM,12183.888,"","","",196.8,"","","","","","",""
zaif,2017/12/14,売り,JPY,XEM,687.888201,"","","",11.1,"","","","","","",""
zaif,2017/12/14,売り,JPY,XEM,688.554867,"","","",11.1,"","","","","","",""
zaif,2017/12/14,買い,XEM,JPY,202.7,"","","",12466.05,"","","","","","",""
zaif,2017/12/14,買い,XEM,JPY,16.3,"","","",1002.4663,"","","","","","",""
zaif,2017/12/14,売り,JPY,BTC,190.37,"","","",0.0001,"","","","","","",""
zaif,2017/12/14,売り,JPY,BTC,13325.9,"","","",0.007,"","","","","","",""
zaif,2017/12/14,売り,JPY,ZAIF,164.4010368,"","","",122.2,"","","","","","",""
zaif,2017/12/14,買い,ERC20.CMS,JPY,34.0542,"","","",14030.36445,"","","","","","",""
zaif,2017/12/14,売り,JPY,PEPECASH,8236.4311,"","","",716.2114,"","","","","","",""
zaif,2017/12/14,売り,JPY,PEPECASH,0.00924,"","","",0.0008,"","","","","","",""
zaif,2017/12/14,売り,JPY,PEPECASH,1752.192392,"","","",151.6898,"","","","","","",""
zaif,2017/12/14,買い,PEPECASH,JPY,651.5575,"","","",7284.087071,"","","","","","",""
cryptobridge,2017/12/15,売り,ZNY,XP,9.000000008,"","","",12000.00001,"","","","","","",""
cryptobridge,2017/12/15,買い,XP,ZNY,560116.2126,"","","",280.0581063,"","","","","","",""
cryptobridge,2017/12/15,買い,XP,ZNY,16584.46415,"","","",9.121455283,"","","","","","",""
cryptobridge,2017/12/15,買い,XP,ZNY,453119.0658,"","","",249.2154862,"","","","","","",""
cryptobridge,2017/12/15,買い,XP,ZNY,835735.22,"","","",451.2970188,"","","","","","",""
cryptobridge,2017/12/15,買い,XP,ZNY,219038.9259,"","","",118.28102,"","","","","","",""
cryptobridge,2017/12/16,買い,XP,ZNY,996849.7083,"","","",1295.904621,"","","","","","",""
cryptobridge,2017/12/16,買い,XP,ZNY,344550.6561,"","","",447.9158529,"","","","","","",""
cryptobridge,2017/12/16,買い,XP,ZNY,139600.3323,"","","",181.480432,"","","","","","",""
coinexchange,2017/12/17,買い,SHND,DOGE,14690851.87,"","","",2117.037476,"","","","","","",""
cryptobridge,2017/12/17,買い,XP,ZNY,666508.9265,"","","",1159.725532,"","","","","","",""
cryptobridge,2017/12/17,買い,XP,ZNY,499915.6118,"","","",759.8717299,"","","","","","",""
zaif,2017/12/17,売り,JPY,ERC20.CMS,8873.242082,"","","",24.0201,"","","","","","",""
zaif,2017/12/17,売り,JPY,ERC20.CMS,3703.7,"","","",10,"","","","","","",""
cryptobridge,2017/12/17,売り,DOGE,XP,13231.48874,"","","",211703.8198,"","","","","","",""
cryptobridge,2017/12/17,売り,DOGE,XP,2190.724306,"","","",35051.5889,"","","","","","",""
coinexchange,2017/12/17,買い,XP,DOGE,1.28866646,"","","",0.05291459,"","","","","","",""
cryptobridge,2017/12/17,買い,XP,ZNY,0.00434,"","","",1.00E-05,"","","","","","",""
cryptobridge,2017/12/17,買い,XP,ZNY,576858.9881,"","","",1326.775673,"","","","","","",""
coinexchange,2017/12/17,買い,SHND,DOGE,15241406.33,"","","",2196.375585,"","","","","","",""
coinexchange,2017/12/17,買い,SHND,DOGE,11246118.95,"","","",1620.631362,"","","","","","",""
zaif,2017/12/17,買い,ZAIF,JPY,3731.3,"","","",12723.733,"","","","","","",""
coinexchange,2017/12/17,買い,SHND,DOGE,12405504.59,"","","",1787.705598,"","","","","","",""
coinexchange,2017/12/17,買い,SHND,DOGE,52038468.67,"","","",7499.046979,"","","","","","",""
coincheck,2017/12/19,買い,ZEC,JPY,0.65807,"","","",50000,"","","","","","",""
bittrex,2017/12/20,買い,TRIG,BTC,1045.753514,"","","",0.08554262,"","","","","","",""
zaif,2017/12/20,売り,JPY,XCP,4917.6,"","","",1.2,"","","","","","",""
zaif,2017/12/20,買い,XEM,JPY,86,"","","",9030,"","","","","","",""
zaif,2017/12/20,売り,JPY,XEM,9976,"","","",86,"","","","","","",""
zaif,2017/12/20,買い,MONA,JPY,1,"","","",1872.001,"","","","","","",""
zaif,2017/12/20,買い,MONA,JPY,1,"","","",1874.001,"","","","","","",""
zaif,2017/12/20,買い,XEM,JPY,6,"","","",672,"","","","","","",""
zaif,2017/12/20,買い,MONA,JPY,1,"","","",1871.101,"","","","","","",""
zaif,2017/12/20,買い,MONA,JPY,2,"","","",3742.002,"","","","","","",""
cryptobridge,2017/12/20,売り,MONA,XP,5.155874483,"","","",343724.9655,"","","","","","",""
bittrex,2017/12/20,売り,BTC,MONA,0.08597195,"","","",97.69096,"","","","","","",""
zaif,2017/12/20,売り,JPY,XCP,4098,"","","",1,"","","","","","",""
zaif,2017/12/20,売り,JPY,ZAIF,9106.006309,"","","",3731.3,"","","","","","",""
zaif,2017/12/20,買い,XCP,JPY,2.2,"","","",9015.6,"","","","","","",""
cryptopia,2017/12/21,買い,DOGE,BTC,12170.65868,"","","",0.005233,"","","","","","",""
coinexchange,2017/12/21,売り,DOGE,SHND,5146.639144,"","","",105622350.4,"","","","","","",""
bittrex,2017/12/21,売り,BTC,DOGE,0.00231508,"","","",5144.639144,"","","","","","",""
bittrex,2017/12/21,買い,TRIG,BTC,10,"","","",0.0009566,"","","","","","",""
bittrex,2017/12/21,買い,LSK,BTC,1.07195037,"","","",0.00134717,"","","","","","",""
cryptobridge,2017/12/21,売り,MONA,XP,11.08902895,"","","",554451.4477,"","","","","","",""
cryptopia,2017/12/21,売り,BTC,SXC,0.005254,"","","",1014.355904,"","","","","","",""
cryptobridge,2017/12/21,買い,XP,MONA,342.49732,"","","",0.008562433,"","","","","","",""
cryptobridge,2017/12/21,売り,MONA,XP,46.21621622,"","","",2432432.432,"","","","","","",""
cryptobridge,2017/12/21,売り,MONA,XP,1.00E-06,"","","",0.05555,"","","","","","",""
cryptobridge,2017/12/21,売り,MONA,XP,43.32153492,"","","",2406751.94,"","","","","","",""
bittrex,2017/12/21,売り,BTC,DOGE,0.00559712,"","","",12167.65868,"","","","","","",""
bittrex,2017/12/21,買い,TRIG,BTC,56.92723528,"","","",0.00556976,"","","","","","",""
bittrex,2017/12/21,売り,BTC,LSK,0.037902,"","","",30,"","","","","","",""
bittrex,2017/12/21,買い,TRIG,BTC,396.97665,"","","",0.03771278,"","","","","","",""
coincheck,2017/12/22,買い,ETH,JPY,0.10529,"","","",10000,"","","","","","",""
coincheck,2017/12/25,買い,ZEC,JPY,0.72513,"","","",50000,"","","","","","",""
bittrex,2017/12/31,買い,ETH,BTC,0.26367515,"","","",0.01421209,"","","","","","",""
liqui,2017/12/31,買い,SRN,ETH,6.41062663,"","","",0.01009174,"","","","","","",""
bittrex,2017/12/31,売り,BTC,LSK,0.01428338,"","","",10,"","","","","","",""
bittrex,2017/12/31,売り,BTC,LSK,0.00146102,"","","",1,"","","","","","",""
bittrex,2017/12/31,買い,TRIG,BTC,3.17878288,"","","",0.00145264,"","","","","","",""
liqui,2017/12/31,買い,SRN,ETH,150.4848137,"","","",0.2368962,"","","","","","",""
coincheck,2017/12/31,買い,LSK,JPY,40.539,"","","",100000,"","","","","","",""
cryptobridge,2018/01/01,売り,DOGE,XP,39.81053472,"","","",301.59496,"","","","","","",""
bittrex,2018/01/03,買い,DOGE,BTC,83354.66733,"","","",0.04917925,"","","","","","",""
bittrex,2018/01/03,売り,BTC,LSK,0.0073208,"","","",5,"","","","","","",""
bittrex,2018/01/03,売り,BTC,TRIG,0.00123522,"","","",2.8,"","","","","","",""
bittrex,2018/01/03,買い,DOGE,BTC,13958.18102,"","","",0.00851449,"","","","","","",""
coinexchange,2018/01/03,買い,XP,DOGE,102000,"","","",13994.961,"","","","","","",""
bittrex,2018/01/03,売り,BTC,LSK,0.07795728,"","","",55.15195037,"","","","","","",""
bittrex,2018/01/03,買い,DOGE,BTC,131471.2608,"","","",0.07756804,"","","","","","",""
bittrex,2018/01/03,売り,BTC,ZEC,0.04942558,"","","",1.3732,"","","","","","",""
coinexchange,2018/01/03,買い,XP,DOGE,135956.1825,"","","",21322.67293,"","","","","","",""
coinexchange,2018/01/03,売り,DOGE,XP,38966.5115,"","","",237957.4712,"","","","","","",""
bittrex,2018/01/03,売り,BTC,DOGE,0.13947971,"","","",232466.2136,"","","","","","",""
bittrex,2018/01/03,買い,LSK,BTC,60,"","","",0.08412111,"","","","","","",""
bittrex,2018/01/03,買い,LSK,BTC,2.0592675,"","","",0.00288297,"","","","","","",""
bittrex,2018/01/03,買い,ZEC,BTC,0.44553614,"","","",0.01647859,"","","","","","",""
bittrex,2018/01/03,買い,ZEC,BTC,0.94642426,"","","",0.03530162,"","","","","","",""
bittrex,2018/01/03,売り,BTC,ZEC,0.05085805,"","","",1.3919604,"","","","","","",""
bittrex,2018/01/03,買い,TRIG,BTC,121.2776737,"","","",0.05060432,"","","","","","",""
bittrex,2018/01/03,売り,BTC,LSK,0.08495854,"","","",62.0592675,"","","","","","",""
bittrex,2018/01/03,買い,TRIG,BTC,199.2753679,"","","",0.0845346,"","","","","","",""
bittrex,2018/01/03,売り,BTC,TRIG,0.14364899,"","","",300,"","","","","","",""
bittrex,2018/01/03,買い,ZEC,BTC,1.4,"","","",0.05206877,"","","","","","",""
bittrex,2018/01/03,買い,LSK,BTC,64.67171621,"","","",0.09086376,"","","","","","",""
bittrex,2018/01/03,売り,BTC,TRIG,0.009596,"","","",20,"","","","","","",""
bittrex,2018/01/03,買い,LSK,BTC,6.79977962,"","","",0.00954865,"","","","","","",""
bittrex,2018/01/03,売り,BTC,TRIG,0.00194,"","","",4,"","","","","","",""
bittrex,2018/01/03,買い,LSK,BTC,1.37884425,"","","",0.00192555,"","","","","","",""
liqui,2018/01/04,買い,SRN,BTC,3.58441321,"","","",0.00030295,"","","","","","",""
bittrex,2018/01/04,売り,BTC,ZEC,0.0506786,"","","",1.4,"","","","","","",""
bittrex,2018/01/04,買い,ETH,BTC,2.57640687,"","","",0.16720704,"","","","","","",""
bittrex,2018/01/04,売り,BTC,ETH,0.16643588,"","","",2.57640687,"","","","","","",""
bittrex,2018/01/04,買い,ZEC,BTC,1.4,"","","",0.05026,"","","","","","",""
bittrex,2018/01/04,買い,LSK,BTC,80.38484334,"","","",0.11552587,"","","","","","",""
liqui,2018/01/04,買い,SRN,BTC,0.02711624,"","","",0.00000229,"","","","","","",""
bittrex,2018/01/04,売り,BTC,LSK,0.1173683,"","","",80.38484334,"","","","","","",""
bittrex,2018/01/04,売り,BTC,LSK,0.10093559,"","","",72.85034008,"","","","","","",""
bittrex,2018/01/04,買い,TRIG,BTC,233.9429789,"","","",0.10010186,"","","","","","",""
bittrex,2018/01/04,売り,BTC,ZEC,0.05194098,"","","",1.4,"","","","","","",""
bittrex,2018/01/04,買い,TRIG,BTC,121.6226055,"","","",0.0520046,"","","","","","",""
liqui,2018/01/04,買い,SRN,BTC,0.00020675,"","","",0.00000002,"","","","","","",""
liqui,2018/01/04,買い,SRN,BTC,1139.0224,"","","",0.09795593,"","","","","","",""
liqui,2018/01/04,買い,SRN,BTC,250.4452471,"","","",0.02144813,"","","","","","",""
liqui,2018/01/04,買い,SRN,BTC,214.236498,"","","",0.01833864,"","","","","","",""
liqui,2018/01/04,買い,SRN,BTC,297.5404415,"","","",0.02546649,"","","","","","",""
liqui,2018/01/04,買い,SRN,BTC,17.61904761,"","","",0.00150784,"","","","","","",""
bittrex,2018/01/04,売り,BTC,TRIG,0.16660504,"","","",355,"","","","","","",""
bittrex,2018/01/05,売り,BTC,TRIG,0.00378798,"","","",7,"","","","","","",""
bittrex,2018/01/05,買い,TRIG,BTC,12.67065906,"","","",0.00334505,"","","","","","",""
bittrex,2018/01/05,売り,BTC,ADA,0.00337454,"","","",59.32746262,"","","","","","",""
bittrex,2018/01/05,買い,ADA,BTC,59.32746262,"","","",0.00376907,"","","","","","",""
bittrex,2018/01/08,買い,TRIG,BTC,256.0592044,"","","",0.09394043,"","","","","","",""
bittrex,2018/01/08,売り,BTC,TRIG,0.0949125,"","","",250,"","","","","","",""
bittrex,2018/01/08,買い,LSK,BTC,44.95769499,"","","",0.09445649,"","","","","","",""
bittrex,2018/01/08,売り,BTC,LSK,0.09441115,"","","",44.95769499,"","","","","","",""
bittrex,2018/01/08,売り,BTC,LSK,0.07906442,"","","",40.339,"","","","","","",""
bittrex,2018/01/08,買い,TRIG,BTC,250.4848505,"","","",0.07866476,"","","","","","",""
coinexchange,2018/01/09,買い,SPRTS,DOGE,27215529.05,"","","",46308.54262,"","","","","","",""
coinexchange,2018/01/09,買い,SPRTS,DOGE,2725928.198,"","","",4638.299036,"","","","","","",""
bittrex,2018/01/09,売り,BTC,TRIG,0.0895425,"","","",250,"","","","","","",""
coinexchange,2018/01/09,買い,SPRTS,DOGE,1000000,"","","",1701.5485,"","","","","","",""
coinexchange,2018/01/09,買い,SPRTS,DOGE,20947848.34,"","","",35643.77991,"","","","","","",""
bittrex,2018/01/09,買い,DOGE,BTC,89995.92106,"","","",0.08909596,"","","","","","",""
coinexchange,2018/01/09,買い,SPRTS,DOGE,126.5222782,"","","",0.20248587,"","","","","","",""
coinexchange,2018/01/09,買い,SPRTS,DOGE,1000000,"","","",1701.5485,"","","","","","",""
liqui,2018/01/10,買い,SRN,BTC,351.3629886,"","","",0.06148852,"","","","","","",""
liqui,2018/01/10,買い,SRN,BTC,90.83929707,"","","",0.01589688,"","","","","","",""
coinexchange,2018/01/10,売り,BTC,DOGE,0.03436667,"","","",40492.12351,"","","","","","",""
coinexchange,2018/01/10,売り,BTC,DOGE,0.00670493,"","","",7900,"","","","","","",""
coinexchange,2018/01/10,売り,BTC,DOGE,0.0067898,"","","",8000,"","","","","","",""
coinexchange,2018/01/10,売り,BTC,DOGE,0.00254617,"","","",3000,"","","","","","",""
coinexchange,2018/01/10,売り,BTC,DOGE,0.01677349,"","","",19763.15907,"","","","","","",""
coinexchange,2018/01/10,売り,BTC,DOGE,0.01170434,"","","",13790.48982,"","","","","","",""
coinexchange,2018/01/10,売り,DOGE,SPRTS,92945.7724,"","","",52889432.1,"","","","","","",""
liqui,2018/01/12,売り,BTC,SRN,0.00356194,"","","",24.72370795,"","","","","","",""
liqui,2018/01/12,売り,BTC,SRN,0.02018245,"","","",139.6419094,"","","","","","",""
liqui,2018/01/12,売り,BTC,SRN,0.00131225,"","","",9.10843592,"","","","","","",""
liqui,2018/01/12,売り,BTC,SRN,0.00387195,"","","",26.87544779,"","","","","","",""
liqui,2018/01/12,売り,BTC,SRN,0.01122629,"","","",77.92247387,"","","","","","",""
cryptopia,2018/01/12,買い,DBIX,BTC,38.73468416,"","","",0.069734,"","","","","","",""
liqui,2018/01/12,売り,BTC,SRN,0.01255437,"","","",87.74982075,"","","","","","",""
liqui,2018/01/12,売り,BTC,SRN,0.00074773,"","","",5.19007815,"","","","","","",""
liqui,2018/01/12,売り,BTC,SRN,0.01855451,"","","",128.7881262,"","","","","","",""
coincheck,2018/01/16,買い,XRP,JPY,233.17,"","","",50000,"","","","","","",""
coincheck,2018/01/16,買い,XRP,JPY,48.799,"","","",10000,"","","","","","",""
coincheck,2018/01/16,買い,XRP,JPY,53.612,"","","",10000,"","","","","","",""
coincheck,2018/01/16,買い,XRP,JPY,59.605,"","","",10000,"","","","","","",""
coincheck,2018/01/16,買い,XRP,JPY,65.534,"","","",10000,"","","","","","",""
coincheck,2018/01/16,買い,XRP,JPY,74.707,"","","",10000,"","","","","","",""
bittrex,2018/01/23,売り,USDT,ZEC,3.632,"","","",0.008,"","","","","","",""
bittrex,2018/01/24,買い,XRP,USDT,3.079193,"","","",4.14459377,"","","","","","",""
bittrex,2018/01/26,買い,DOGE,BTC,49099.67846,"","","",0.03338777,"","","","","","",""
bittrex,2018/01/26,売り,USDT,XRP,381.93,"","","",300,"","","","","","",""
cryptopia,2018/01/26,買い,DBIX,BTC,1.64743899,"","","",0.002043,"","","","","","",""
cryptopia,2018/01/26,買い,DBIX,BTC,0.82619605,"","","",0.001024,"","","","","","",""
cryptopia,2018/01/26,買い,DBIX,BTC,1.73428936,"","","",0.00215,"","","","","","",""
cryptopia,2018/01/26,買い,DBIX,BTC,4,"","","",0.00496,"","","","","","",""
cryptopia,2018/01/26,買い,DBIX,BTC,1.73428936,"","","",0.00215,"","","","","","",""
cryptopia,2018/01/26,売り,BTC,DOGE,0.032404,"","","",49097.67846,"","","","","","",""
cryptopia,2018/01/26,買い,DBIX,BTC,16.087673,"","","",0.019947,"","","","","","",""
bittrex,2018/01/26,買い,BTC,USDT,0.03347089,"","","",380.0227807,"","","","","","",""
bittrex,2018/01/27,買い,DOGE,BTC,39318.82581,"","","",0.02555723,"","","","","","",""
bittrex,2018/01/27,売り,BTC,XRP,0.02568526,"","","",238.356193,"","","","","","",""
cryptopia,2018/01/28,売り,BTC,DOGE,0.025163,"","","",39316.82581,"","","","","","",""
cryptopia,2018/01/28,買い,RKC,BTC,255.7640103,"","","",0.025062,"","","","","","",""
cryptopia,2018/02/16,売り,BTC,RKC,0.004363,"","","",81.86139918,"","","","","","",""
cryptopia,2018/02/16,売り,BTC,DBIX,0.000504,"","","",0.72,"","","","","","",""
cryptopia,2018/02/16,売り,BTC,DBIX,0.000858,"","","",1.22599491,"","","","","","",""
cryptopia,2018/02/16,売り,BTC,DBIX,0.018226,"","","",26,"","","","","","",""
cryptopia,2018/02/16,売り,BTC,DBIX,0.007711,"","","",10.99960057,"","","","","","",""
cryptopia,2018/02/16,売り,BTC,DBIX,0.001601,"","","",2.28161145,"","","","","","",""
cryptopia,2018/02/16,売り,BTC,DBIX,0.0028,"","","",4,"","","","","","",""
cryptopia,2018/02/16,売り,BTC,DBIX,0.00801,"","","",11.5784067,"","","","","","",""
cryptopia,2018/02/16,売り,BTC,DBIX,0.001,"","","",1.42857143,"","","","","","",""
cryptopia,2018/02/16,売り,BTC,DBIX,0.0014,"","","",2,"","","","","","",""
bittrex,2018/02/16,買い,SRN,BTC,530.5915811,"","","",0.05763816,"","","","","","",""
cryptopia,2018/02/16,売り,BTC,RKC,0.005582,"","","",104.8924068,"","","","","","",""
cryptopia,2018/02/16,売り,BTC,RKC,0.003673,"","","",69.01020428,"","","","","","",""
cryptopia,2018/02/16,売り,BTC,DBIX,0.003171,"","","",4.53038586,"","","","","","",""
bitFlyer,2018/02/20,売り,JPY,ETC,280,"","","",0.07,"","","","","","",""
bitFlyer,2018/02/20,買い,ETH,JPY,0.002,"","","",217,"","","","","","",""
bitFlyer,2018/02/20,買い,LSK,JPY,0.02,"","","",68,"","","","","","",""
bitFlyer,2018/02/20,買い,MONA,JPY,0.003,"","","",3,"","","","","","",""
bittrex,2018/02/28,売り,BTC,LSK,0.01870054,"","","",10.12,"","","","","","",""
bittrex,2018/02/28,買い,SRN,BTC,307.5623901,"","","",0.01860752,"","","","","","",""
bitFlyer,2018/02/28,買い,LSK,JPY,10.2,"","","",24919,"","","","","","",""
bitFlyer,2018/02/28,買い,MONA,JPY,0.125,"","","",81,"","","","","","",""
bitFlyer,2018/03/06,買い,BTC,JPY,0.02,"","","",24815,"","","","","","",""
bitFlyer,2018/03/06,買い,MONA,JPY,0.311,"","","",185,"","","","","","",""
bitFlyer,2018/03/08,買い,BTC,JPY,0.018,"","","",19770,"","","","","","",""
bitFlyer,2018/03/08,買い,MONA,JPY,0.457,"","","",230,"","","","","","",""
